5G0E3559,Port 1,Port 1,Port 2,Port 2,Port 3,Port 3,Port 3,Port 4,Port 4,Port 4,Port 5,Port 5,Port 5
928 records,MPS-2 Water Potential/Temp,MPS-2 Water Potential/Temp,MPS-6 Water Potential/Temp,MPS-6 Water Potential/Temp,SRS-Nr NDVI Field Stop,SRS-Nr NDVI Field Stop,SRS-Nr NDVI Field Stop,GS3 Moisture/Temp/EC,GS3 Moisture/Temp/EC,GS3 Moisture/Temp/EC,SRS-Ni NDVI Hemispherical,SRS-Ni NDVI Hemispherical,SRS-Ni NDVI Hemispherical
Measurement Time,kPa Potential,øC Temp,kPa Potential,øC Temp,630 nm,800 nm,NDVI,m?/m? VWC,øC Temp,dS/m EC Bulk,630 nm,800 nm,à for NDVI
9/4/14 18:00,-340.6,26.6,-387.5,22.4,0.0226,0.0345,0.353,0.031,27.8,0.011,0.6660,0.4830,1.379
9/5/14 0:00,-565.8,23.7,-480.4,21.8,0.0029,0.0045,0.316,0.026,23.1,0.011,0.0730,0.0580,1.259
9/5/14 6:00,-962.6,19.1,-630.1,21.8,0.0000,0.0000,,0.023,17.7,0.011,0.0000,0.0000,
9/5/14 12:00,-1231.2,17.7,-760.5,21.5,0.0143,0.0203,0.317,0.022,17.0,0.011,0.3370,0.2510,1.343
9/5/14 18:00,-948.5,24.1,-894.6,21.1,0.0273,0.0385,0.331,0.022,26.7,0.010,0.8180,0.5830,1.403
9/6/14 0:00,-1085.0,23.4,-1010.0,21.1,0.0022,0.0033,0.310,0.020,23.3,0.009,0.0510,0.0400,1.275
9/6/14 6:00,-1570.5,19.3,-1120.8,21.3,0.0000,0.0000,,0.018,18.2,0.009,0.0000,0.0000,
9/6/14 12:00,-1803.1,18.5,-1254.9,21.2,0.0197,0.0280,0.317,0.018,18.3,0.009,0.4950,0.3680,1.345
9/6/14 18:00,-1248.6,24.0,-1395.5,20.9,0.0178,0.0260,0.340,0.020,25.7,0.009,0.6580,0.4720,1.394
9/7/14 0:00,-1791.1,20.1,-1523.1,20.9,0.0010,0.0016,0.298,0.016,19.0,0.017,0.0320,0.0270,1.185
9/7/14 6:00,-2543.5,16.1,-1650.9,21.0,0.0000,0.0000,,0.016,14.4,0.020,0.0000,0.0000,
9/7/14 12:00,-2517.8,16.0,-1821.5,20.7,0.0207,0.0303,0.322,0.018,15.6,0.018,0.4650,0.3480,1.336
9/7/14 18:00,-1023.8,25.9,-2032.0,20.3,0.0294,0.0416,0.325,0.022,28.6,0.013,0.8690,0.6220,1.397
9/8/14 0:00,-1054.9,23.7,-2174.8,20.4,0.0022,0.0033,0.300,0.024,23.5,0.017,0.0510,0.0420,1.214
9/8/14 6:00,-1693.7,18.4,-2198.0,20.7,0.0000,0.0000,,0.031,16.9,0.031,0.0000,0.0000,
9/8/14 12:00,-1900.8,17.5,-2280.5,20.7,0.0111,0.0155,0.316,0.033,17.2,0.037,0.3530,0.2560,1.379
9/8/14 16:00,-1055.9,23.1,-2466.8,20.5,0.0197,0.0269,0.316,0.036,24.6,0.033,0.7520,0.5370,1.400
9/8/14 17:00,-918.6,22.8,-2612.3,20.4,0.0059,0.0081,0.304,0.034,22.8,0.030,0.1560,0.1160,1.345
9/8/14 18:00,-953.3,22.1,-2643.8,20.4,0.0079,0.0111,0.312,0.033,21.9,0.031,0.2210,0.1640,1.348
9/8/14 19:00,-976.2,21.6,-2678.1,20.4,0.0044,0.0063,0.307,0.033,21.2,0.031,0.1230,0.0930,1.323
9/8/14 20:00,-1035.9,20.9,-2689.2,20.4,0.0007,0.0010,0.322,0.033,20.4,0.031,0.0210,0.0170,1.235
9/8/14 21:00,-1085.5,20.3,-2702.3,20.4,0.0000,0.0000,,0.031,19.4,0.031,0.0000,0.0000,
9/8/14 22:00,-1140.3,19.6,-2707.9,20.5,0.0000,0.0000,,0.031,18.8,0.031,0.0000,0.0000,
9/8/14 23:00,-1202.1,19.1,-2721.6,20.5,0.0000,0.0000,,0.031,18.4,0.031,0.0000,0.0000,
9/9/14 0:00,-1227.8,18.8,-2730.4,20.5,0.0000,0.0000,,0.031,18.0,0.031,0.0000,0.0000,
9/9/14 1:00,-1250.9,18.4,-2746.8,20.5,0.0000,0.0000,,0.030,17.7,0.030,0.0000,0.0000,
9/9/14 2:00,-1275.9,18.2,-2750.6,20.5,0.0000,0.0000,,0.031,17.4,0.031,0.0000,0.0000,
9/9/14 3:00,-1318.6,17.9,-2762.0,20.5,0.0000,0.0000,,0.029,17.1,0.030,0.0000,0.0000,
9/9/14 4:00,-1380.8,17.6,-2764.6,20.5,0.0000,0.0000,,0.029,16.7,0.030,0.0000,0.0000,
9/9/14 5:00,-1402.3,17.3,-2784.4,20.5,0.0000,0.0000,,0.028,16.6,0.030,0.0000,0.0000,
9/9/14 6:00,-1415.9,17.1,-2799.1,20.5,0.0000,0.0000,,0.028,16.4,0.030,0.0000,0.0000,
9/9/14 7:00,-1431.6,16.9,-2815.3,20.4,0.0000,0.0000,,0.029,16.2,0.030,0.0000,0.0000,
9/9/14 8:00,-1448.9,16.8,-2838.1,20.4,0.0014,0.0022,0.314,0.029,16.1,0.030,0.0360,0.0290,1.241
9/9/14 9:00,-1448.9,16.8,-2851.8,20.4,0.0069,0.0104,0.311,0.031,16.4,0.030,0.1890,0.1490,1.268
9/9/14 10:00,-1412.9,17.3,-2868.3,20.3,0.0114,0.0164,0.313,0.032,17.2,0.030,0.3200,0.2390,1.339
9/9/14 11:00,-1309.9,18.2,-2890.9,20.3,0.0194,0.0275,0.309,0.033,18.7,0.029,0.5110,0.3810,1.341
9/9/14 12:00,-1211.5,19.3,-2914.9,20.2,0.0139,0.0195,0.310,0.035,20.1,0.027,0.3820,0.2810,1.359
9/9/14 13:00,-1169.3,19.7,-2929.7,20.2,0.0113,0.0158,0.308,0.035,20.2,0.025,0.2980,0.2210,1.348
9/9/14 14:00,-1136.1,19.8,-2960.2,20.1,0.0097,0.0131,0.307,0.043,20.1,0.025,0.2580,0.1850,1.395
9/9/14 15:00,-491.8,18.6,-2970.5,20.1,0.0037,0.0054,0.334,0.114,17.9,0.128,0.1640,0.1200,1.367
9/9/14 16:00,-17.6,17.8,-2962.3,20.1,0.0085,0.0139,0.374,0.183,17.7,0.292,0.4640,0.3430,1.353
9/9/14 17:00,-21.7,18.2,-2993.8,20.0,0.0054,0.0080,0.328,0.176,18.3,0.274,0.2060,0.1550,1.329
9/9/14 18:00,-25.4,18.1,-3019.4,20.0,0.0040,0.0058,0.321,0.174,18.0,0.257,0.1520,0.1130,1.345
9/9/14 19:00,-27.7,17.9,-3039.0,20.0,0.0086,0.0122,0.327,0.169,17.6,0.241,0.2690,0.1950,1.379
9/9/14 20:00,-29.9,17.5,-3089.1,20.0,0.0017,0.0026,0.168,0.166,17.0,0.228,0.0330,0.0340,0.971
9/9/14 21:00,-31.7,16.9,-3109.0,20.0,0.0000,0.0000,,0.165,16.1,0.219,0.0000,0.0000,
9/9/14 22:00,-33.1,16.3,-3147.2,19.9,0.0000,0.0000,,0.164,15.5,0.209,0.0000,0.0000,
9/9/14 23:00,-34.2,15.6,-3185.1,19.9,0.0000,0.0000,,0.162,14.6,0.201,0.0000,0.0000,
9/10/14 0:00,-35.1,15.0,-3227.9,19.9,0.0000,0.0000,,0.162,13.9,0.194,0.0000,0.0000,
9/10/14 1:00,-36.0,14.4,-3284.2,19.9,0.0000,0.0000,,0.161,13.3,0.188,0.0000,0.0000,
9/10/14 2:00,-36.8,13.8,-3336.0,19.8,0.0000,0.0000,,0.160,12.7,0.182,0.0000,0.0000,
9/10/14 3:00,-37.6,13.3,-3431.0,19.8,0.0000,0.0000,,0.159,12.3,0.176,0.0000,0.0000,
9/10/14 4:00,-38.4,12.9,-3458.0,19.7,0.0000,0.0000,,0.159,11.8,0.173,0.0000,0.0000,
9/10/14 5:00,-39.1,12.5,-3523.1,19.7,0.0000,0.0000,,0.158,11.3,0.169,0.0000,0.0000,
9/10/14 6:00,-39.8,12.1,-3559.0,19.6,0.0000,0.0000,,0.157,11.0,0.165,0.0000,0.0000,
9/10/14 7:00,-40.4,11.8,-3591.1,19.5,0.0000,0.0000,,0.157,10.7,0.162,0.0010,0.0000,
9/10/14 8:00,-41.0,11.7,-3634.3,19.4,0.0033,0.0060,0.264,0.157,10.7,0.158,0.0860,0.0920,0.935
9/10/14 9:00,-41.7,11.8,-3659.5,19.3,0.0152,0.0238,0.319,0.157,11.2,0.155,0.3460,0.2820,1.227
9/10/14 10:00,-42.6,12.9,-3708.7,19.2,0.0264,0.0385,0.316,0.156,12.8,0.153,0.5910,0.4500,1.313
9/10/14 11:00,-43.5,15.1,-3733.6,19.1,0.0316,0.0449,0.315,0.154,15.8,0.152,0.8140,0.6030,1.350
9/10/14 12:00,-44.5,17.9,-3780.3,19.0,0.0282,0.0391,0.310,0.152,19.7,0.152,1.0060,0.7310,1.376
9/10/14 13:00,-45.4,20.0,-3846.1,18.9,0.0343,0.0480,0.320,0.149,21.8,0.149,1.1290,0.8130,1.389
9/10/14 14:00,-47.0,20.5,-3876.4,18.8,0.0387,0.0531,0.312,0.146,21.9,0.147,1.1630,0.8340,1.394
9/10/14 15:00,-49.0,21.3,-3944.8,18.8,0.0360,0.0501,0.318,0.144,23.1,0.144,1.1130,0.7970,1.396
9/10/14 16:00,-51.4,21.8,-3981.3,18.7,0.0243,0.0335,0.314,0.141,23.3,0.139,0.9850,0.7070,1.393
9/10/14 17:00,-54.4,21.5,-4015.4,18.7,0.0243,0.0345,0.327,0.139,22.2,0.136,0.7960,0.5770,1.380
9/10/14 18:00,-57.7,21.1,-4021.9,18.7,0.0195,0.0285,0.328,0.136,21.5,0.132,0.5580,0.4140,1.348
9/10/14 19:00,-61.2,20.6,-4053.5,18.7,0.0115,0.0166,0.303,0.133,20.5,0.129,0.3040,0.2350,1.294
9/10/14 20:00,-64.9,19.9,-4020.0,18.7,0.0020,0.0030,0.133,0.130,19.4,0.125,0.0290,0.0340,0.853
9/10/14 21:00,-68.6,18.9,-4021.9,18.8,0.0000,0.0000,,0.129,18.1,0.121,0.0000,0.0000,
9/10/14 22:00,-72.4,17.9,-3985.0,18.8,0.0000,0.0000,,0.128,16.8,0.119,0.0000,0.0000,
9/10/14 23:00,-76.1,16.9,-3958.5,18.9,0.0000,0.0000,,0.127,15.7,0.116,0.0000,0.0000,
9/11/14 0:00,-80.0,16.0,-3956.6,18.9,0.0000,0.0000,,0.126,14.7,0.113,0.0000,0.0000,
9/11/14 1:00,-84.1,15.3,-3936.6,19.0,0.0000,0.0000,,0.125,13.9,0.110,0.0000,0.0000,
9/11/14 2:00,-88.2,14.6,-3930.3,19.0,0.0000,0.0000,,0.124,13.2,0.109,0.0000,0.0000,
9/11/14 3:00,-92.3,14.0,-3925.8,19.0,0.0000,0.0000,,0.124,12.6,0.108,0.0000,0.0000,
9/11/14 4:00,-96.3,13.4,-3935.7,19.0,0.0000,0.0000,,0.123,12.1,0.106,0.0000,0.0000,
9/11/14 5:00,-100.4,12.9,-3954.8,19.0,0.0000,0.0000,,0.122,11.5,0.103,0.0000,0.0000,
9/11/14 6:00,-104.4,12.3,-3988.7,19.0,0.0000,0.0000,,0.122,10.9,0.102,0.0000,0.0000,
9/11/14 7:00,-108.5,11.9,-4026.5,18.9,0.0000,0.0000,,0.121,10.4,0.101,0.0010,0.0000,
9/11/14 8:00,-112.5,11.4,-4061.9,18.9,0.0042,0.0074,0.246,0.121,10.1,0.100,0.0910,0.0960,0.948
9/11/14 9:00,-116.1,11.4,-4141.2,18.8,0.0192,0.0290,0.308,0.121,10.4,0.099,0.3550,0.2850,1.246
9/11/14 10:00,-117.9,12.4,-4228.9,18.7,0.0343,0.0480,0.296,0.122,12.0,0.098,0.5970,0.4530,1.318
9/11/14 11:00,-116.2,14.5,-4327.4,18.7,0.0434,0.0587,0.293,0.122,15.0,0.099,0.8220,0.6080,1.352
9/11/14 12:00,-112.2,17.4,-4464.0,18.6,0.0387,0.0508,0.292,0.121,19.0,0.100,1.0130,0.7340,1.380
9/11/14 13:00,-108.8,19.9,-4625.2,18.5,0.0438,0.0582,0.297,0.120,22.0,0.100,1.1290,0.8080,1.397
9/11/14 14:00,-106.7,21.7,-4736.2,18.4,0.0426,0.0570,0.307,0.120,24.1,0.099,1.1630,0.8300,1.401
9/11/14 15:00,-104.9,23.6,-4866.6,18.4,0.0369,0.0504,0.316,0.120,26.7,0.098,1.1090,0.7890,1.406
9/11/14 16:00,-104.5,24.8,-4870.0,18.3,0.0244,0.0332,0.314,0.119,27.7,0.096,0.9830,0.7000,1.404
9/11/14 17:00,-107.5,24.6,-4938.9,18.3,0.0249,0.0346,0.318,0.116,26.1,0.097,0.7930,0.5710,1.389
9/11/14 18:00,-112.1,23.8,-4948.0,18.3,0.0200,0.0286,0.325,0.114,24.7,0.096,0.5630,0.4130,1.363
9/11/14 19:00,-118.0,22.9,-4934.3,18.3,0.0121,0.0169,0.294,0.112,23.1,0.096,0.3060,0.2320,1.319
9/11/14 20:00,-125.4,21.8,-4866.6,18.4,0.0022,0.0032,0.069,0.110,21.3,0.095,0.0210,0.0260,0.808
9/11/14 21:00,-133.5,20.5,-4712.2,18.5,0.0000,0.0000,,0.109,19.6,0.094,0.0000,0.0000,
9/11/14 22:00,-142.0,19.3,-4661.5,18.6,0.0000,0.0000,,0.109,18.2,0.093,0.0000,0.0000,
9/11/14 23:00,-150.8,18.2,-4532.4,18.7,0.0000,0.0000,,0.109,16.9,0.091,0.0000,0.0000,
9/12/14 0:00,-159.2,17.2,-4389.6,18.8,0.0000,0.0000,,0.109,15.9,0.090,0.0000,0.0000,
9/12/14 1:00,-167.6,16.4,-4346.4,18.5,0.0000,0.0000,,0.108,15.0,0.089,0.0000,0.0000,
9/12/14 2:00,-176.0,15.7,-4335.4,18.9,0.0000,0.0000,,0.107,14.3,0.088,0.0000,0.0000,
9/12/14 3:00,-184.7,14.9,-4247.4,18.9,0.0000,0.0000,,0.106,13.4,0.087,0.0000,0.0000,
9/12/14 4:00,-193.3,14.2,-4212.4,19.0,0.0000,0.0000,,0.106,12.6,0.085,0.0000,0.0000,
9/12/14 5:00,-202.5,13.5,-4210.4,19.0,0.0000,0.0000,,0.106,11.9,0.084,0.0000,0.0000,
9/12/14 6:00,-211.4,12.8,-4275.9,19.0,0.0000,0.0000,,0.105,11.2,0.084,0.0000,0.0000,
9/12/14 7:00,-221.0,12.2,-4264.1,18.9,0.0000,0.0000,,0.105,10.6,0.083,0.0010,0.0000,
9/12/14 8:00,-230.2,11.7,-4356.4,18.9,0.0041,0.0072,0.242,0.104,10.0,0.083,0.0870,0.0940,0.926
9/12/14 9:00,-238.7,11.4,-4433.3,18.8,0.0188,0.0285,0.302,0.104,10.1,0.082,0.3510,0.2840,1.236
9/12/14 10:00,-237.8,12.2,-4549.1,18.8,0.0350,0.0489,0.296,0.105,11.4,0.082,0.5920,0.4520,1.310
9/12/14 11:00,-226.4,14.2,-4641.2,18.7,0.0438,0.0593,0.293,0.106,14.4,0.082,0.8060,0.6000,1.343
9/12/14 12:00,-207.8,17.0,-4746.0,18.6,0.0387,0.0511,0.288,0.106,18.6,0.082,0.9760,0.7130,1.369
9/12/14 13:00,-193.8,19.3,-4842.0,18.5,0.0436,0.0579,0.297,0.107,21.7,0.082,1.0940,0.7860,1.392
9/12/14 14:00,-183.5,21.3,-4954.8,18.5,0.0424,0.0570,0.309,0.106,24.0,0.082,1.1440,0.8140,1.405
9/12/14 15:00,-177.6,22.9,-5002.9,18.4,0.0369,0.0506,0.318,0.107,26.3,0.082,1.1060,0.7880,1.404
9/12/14 16:00,-174.1,24.3,-5069.0,18.3,0.0243,0.0330,0.314,0.106,27.6,0.082,0.9810,0.7000,1.401
9/12/14 17:00,-178.0,24.3,-5094.8,18.3,0.0251,0.0353,0.323,0.104,26.3,0.082,0.7910,0.5710,1.385
9/12/14 18:00,-186.0,23.8,-5062.0,18.3,0.0206,0.0294,0.317,0.102,25.1,0.082,0.5610,0.4130,1.358
9/12/14 19:00,-195.3,23.2,-5084.2,18.3,0.0121,0.0170,0.294,0.100,23.9,0.081,0.3050,0.2340,1.303
9/12/14 20:00,-207.7,22.3,-5065.5,18.4,0.0022,0.0032,0.077,0.099,22.3,0.081,0.0190,0.0230,0.826
9/12/14 21:00,-222.3,21.2,-4955.9,18.5,0.0000,0.0000,,0.097,20.6,0.080,0.0000,0.0000,
9/12/14 22:00,-239.2,20.0,-4915.0,18.5,0.0000,0.0000,,0.096,19.1,0.080,0.0000,0.0000,
9/12/14 23:00,-257.5,18.8,-4863.2,18.6,0.0000,0.0000,,0.096,17.7,0.079,0.0000,0.0000,
9/13/14 0:00,-275.9,17.8,-4780.0,18.7,0.0000,0.0000,,0.096,16.5,0.077,0.0000,0.0000,
9/13/14 1:00,-295.1,16.9,-4659.4,18.8,0.0000,0.0000,,0.096,15.5,0.077,0.0000,0.0000,
9/13/14 2:00,-312.2,16.0,-4607.1,18.9,0.0000,0.0000,,0.096,14.6,0.076,0.0000,0.0000,
9/13/14 3:00,-329.2,15.3,-4485.7,18.9,0.0000,0.0000,,0.095,13.8,0.076,0.0000,0.0000,
9/13/14 4:00,-346.1,14.6,-4491.9,18.9,0.0000,0.0000,,0.095,13.1,0.075,0.0000,0.0000,
9/13/14 5:00,-362.8,14.0,-4496.0,18.9,0.0000,0.0000,,0.095,12.5,0.074,0.0000,0.0000,
9/13/14 6:00,-380.0,13.4,-4471.2,18.9,0.0000,0.0000,,0.094,11.9,0.073,0.0000,0.0000,
9/13/14 7:00,-395.3,12.9,-4499.1,18.9,0.0000,0.0000,,0.094,11.4,0.073,0.0000,0.0000,
9/13/14 8:00,-409.5,12.4,-4562.7,18.9,0.0029,0.0050,0.269,0.093,11.0,0.073,0.0640,0.0630,1.016
9/13/14 9:00,-418.5,12.3,-4641.2,18.8,0.0177,0.0269,0.299,0.094,11.2,0.072,0.3280,0.2690,1.219
9/13/14 10:00,-411.6,13.1,-4719.8,18.8,0.0332,0.0466,0.292,0.095,12.6,0.073,0.5740,0.4400,1.305
9/13/14 11:00,-383.6,15.2,-4782.2,18.7,0.0424,0.0573,0.293,0.095,15.7,0.073,0.7960,0.5910,1.347
9/13/14 12:00,-339.9,18.0,-4894.7,18.6,0.0385,0.0504,0.284,0.096,19.9,0.074,0.9930,0.7210,1.377
9/13/14 13:00,-306.7,20.4,-4941.1,18.5,0.0432,0.0570,0.294,0.097,23.0,0.074,1.1120,0.7970,1.395
9/13/14 14:00,-280.1,22.4,-5008.7,18.5,0.0420,0.0560,0.305,0.098,25.5,0.073,1.1370,0.8110,1.402
9/13/14 15:00,-264.9,24.0,-5052.7,18.4,0.0340,0.0462,0.314,0.098,27.5,0.075,1.0190,0.7280,1.400
9/13/14 16:00,-257.2,25.1,-5092.4,18.4,0.0179,0.0241,0.309,0.096,28.2,0.074,0.6020,0.4290,1.403
9/13/14 17:00,-267.7,24.8,-5085.4,18.4,0.0144,0.0200,0.316,0.094,26.6,0.074,0.4250,0.3060,1.389
9/13/14 18:00,-283.0,24.3,-5099.5,18.4,0.0192,0.0275,0.313,0.092,25.5,0.073,0.5280,0.3940,1.340
9/13/14 19:00,-296.4,23.9,-5057.4,18.4,0.0081,0.0115,0.303,0.090,24.7,0.073,0.2140,0.1630,1.313
9/13/14 20:00,-315.2,23.1,-5049.2,18.5,0.0009,0.0013,0.291,0.089,23.3,0.073,0.0180,0.0140,1.286
9/13/14 21:00,-338.6,22.0,-4977.7,18.5,0.0000,0.0000,,0.088,21.6,0.073,0.0000,0.0000,
9/13/14 22:00,-362.2,20.9,-4899.2,18.6,0.0000,0.0000,,0.087,20.2,0.071,0.0000,0.0000,
9/13/14 23:00,-383.9,20.0,-4824.2,18.7,0.0000,0.0000,,0.087,19.1,0.070,0.0000,0.0000,
9/14/14 0:00,-406.0,19.1,-4702.5,18.8,0.0000,0.0000,,0.087,18.3,0.069,0.0000,0.0000,
9/14/14 1:00,-425.9,18.5,-4564.8,18.9,0.0000,0.0000,,0.087,17.6,0.069,0.0000,0.0000,
9/14/14 2:00,-445.1,17.8,-4491.9,19.0,0.0000,0.0000,,0.087,16.9,0.069,0.0000,0.0000,
9/14/14 3:00,-464.3,17.4,-4407.8,19.0,0.0000,0.0000,,0.087,16.5,0.069,0.0000,0.0000,
9/14/14 4:00,-480.1,16.9,-4359.4,19.1,0.0000,0.0000,,0.086,16.0,0.068,0.0000,0.0000,
9/14/14 5:00,-497.9,16.6,-4323.4,19.1,0.0000,0.0000,,0.086,15.8,0.067,0.0000,0.0000,
9/14/14 6:00,-506.1,16.5,-4331.4,19.1,0.0000,0.0000,,0.086,15.8,0.067,0.0000,0.0000,
9/14/14 7:00,-525.9,16.2,-4321.4,19.1,0.0000,0.0000,,0.086,15.5,0.067,0.0000,0.0000,
9/14/14 8:00,-538.8,15.9,-4361.4,19.1,0.0031,0.0050,0.262,0.086,15.2,0.067,0.0660,0.0620,1.065
9/14/14 9:00,-543.3,15.9,-4399.7,19.1,0.0151,0.0222,0.294,0.086,15.5,0.066,0.2960,0.2370,1.249
9/14/14 10:00,-538.4,16.7,-4437.4,19.0,0.0293,0.0400,0.285,0.086,16.6,0.066,0.5440,0.4110,1.324
9/14/14 11:00,-505.4,18.2,-4473.3,19.0,0.0372,0.0496,0.286,0.086,19.1,0.067,0.7280,0.5390,1.351
9/14/14 12:00,-460.8,20.5,-4553.3,18.9,0.0400,0.0523,0.284,0.086,22.2,0.067,1.0250,0.7460,1.374
9/14/14 13:00,-424.4,22.4,-4631.5,18.9,0.0478,0.0631,0.294,0.088,24.9,0.067,1.2620,0.9120,1.384
9/14/14 14:00,-389.1,24.2,-4661.5,18.9,0.0227,0.0306,0.297,0.087,26.8,0.067,0.6290,0.4600,1.367
9/14/14 15:00,-390.0,24.6,-4644.4,18.8,0.0238,0.0324,0.301,0.086,26.9,0.067,0.7290,0.5350,1.363
9/14/14 16:00,-390.5,25.1,-4702.5,18.8,0.0229,0.0315,0.306,0.085,27.2,0.067,0.8010,0.5860,1.367
9/14/14 17:00,-401.0,25.3,-4661.5,18.8,0.0151,0.0208,0.308,0.084,27.0,0.067,0.4610,0.3370,1.368
9/14/14 18:00,-415.8,25.0,-4647.6,18.9,0.0098,0.0137,0.296,0.082,26.1,0.067,0.2400,0.1830,1.311
9/14/14 19:00,-435.8,24.6,-4577.5,18.9,0.0107,0.0153,0.293,0.082,25.3,0.067,0.3000,0.2350,1.277
9/14/14 20:00,-458.3,23.9,-4472.3,19.0,0.0020,0.0030,0.267,0.080,24.2,0.067,0.0240,0.0210,1.143
9/14/14 21:00,-483.4,22.9,-4337.4,19.1,0.0000,0.0000,,0.079,22.6,0.066,0.0000,0.0000,
9/14/14 22:00,-513.2,21.8,-4235.7,19.2,0.0000,0.0000,,0.079,21.2,0.065,0.0000,0.0000,
9/14/14 23:00,-542.2,20.9,-4155.5,19.3,0.0000,0.0000,,0.079,20.0,0.064,0.0000,0.0000,
9/15/14 0:00,-571.8,20.0,-4074.0,19.3,0.0000,0.0000,,0.078,19.0,0.064,0.0000,0.0000,
9/15/14 1:00,-597.6,19.2,-4022.8,19.4,0.0000,0.0000,,0.078,18.2,0.063,0.0000,0.0000,
9/15/14 2:00,-630.0,18.5,-3976.7,19.5,0.0000,0.0000,,0.078,17.5,0.062,0.0000,0.0000,
9/15/14 3:00,-650.3,17.9,-3953.0,19.6,0.0000,0.0000,,0.078,16.8,0.062,0.0000,0.0000,
9/15/14 4:00,-684.7,17.3,-3936.6,19.6,0.0000,0.0000,,0.077,16.3,0.061,0.0000,0.0000,
9/15/14 5:00,-704.4,16.8,-3939.4,19.6,0.0000,0.0000,,0.077,15.7,0.061,0.0000,0.0000,
9/15/14 6:00,-734.1,16.3,-3936.6,19.6,0.0000,0.0000,,0.077,15.3,0.060,0.0000,0.0000,
9/15/14 7:00,-761.6,15.9,-3938.5,19.6,0.0000,0.0000,,0.077,14.9,0.060,0.0000,0.0000,
9/15/14 8:00,-773.4,15.7,-3937.6,19.6,0.0021,0.0033,0.187,0.077,14.8,0.060,0.0420,0.0460,0.913
9/15/14 9:00,-781.9,15.6,-3959.4,19.6,0.0174,0.0255,0.292,0.077,14.9,0.060,0.3180,0.2560,1.242
9/15/14 10:00,-770.8,16.3,-3990.5,19.4,0.0363,0.0494,0.283,0.077,16.1,0.060,0.6460,0.4910,1.316
9/15/14 11:00,-708.0,18.3,-4036.7,19.4,0.0430,0.0565,0.280,0.077,19.2,0.060,0.8130,0.5990,1.357
9/15/14 12:00,-622.5,21.0,-4084.4,19.3,0.0385,0.0494,0.281,0.079,23.0,0.062,0.9910,0.7150,1.386
9/15/14 13:00,-561.9,23.0,-4136.4,19.3,0.0293,0.0378,0.290,0.080,25.6,0.062,0.8290,0.5920,1.400
9/15/14 14:00,-536.7,23.8,-4171.8,19.2,0.0112,0.0149,0.286,0.078,25.7,0.062,0.2900,0.2140,1.355
9/15/14 15:00,-545.9,23.6,-4184.3,19.2,0.0164,0.0218,0.297,0.077,25.2,0.062,0.4800,0.3460,1.387
9/15/14 16:00,-547.9,24.0,-4232.8,19.2,0.0158,0.0211,0.299,0.077,25.8,0.061,0.5700,0.4090,1.394
9/15/14 17:00,-548.3,24.4,-4233.8,19.2,0.0251,0.0346,0.308,0.076,26.1,0.061,0.6860,0.4980,1.378
9/15/14 18:00,-568.5,24.5,-4222.1,19.2,0.0168,0.0229,0.297,0.074,25.9,0.060,0.4680,0.3440,1.360
9/15/14 19:00,-589.6,24.3,-4187.2,19.2,0.0108,0.0150,0.280,0.074,25.2,0.060,0.2650,0.2070,1.280
9/15/14 20:00,-621.0,23.7,-4125.0,19.3,0.0022,0.0029,0.270,0.074,24.1,0.060,0.0170,0.0130,1.308
9/15/14 21:00,-652.4,22.8,-4086.3,19.3,0.0000,0.0000,,0.073,22.7,0.060,0.0000,0.0000,
9/15/14 22:00,-695.7,21.8,-4022.8,19.4,0.0000,0.0000,,0.072,21.3,0.060,0.0000,0.0000,
9/15/14 23:00,-722.1,21.0,-3967.6,19.5,0.0000,0.0000,,0.072,20.2,0.059,0.0000,0.0000,
9/16/14 0:00,-765.8,20.2,-3932.1,19.6,0.0000,0.0000,,0.071,19.3,0.059,0.0000,0.0000,
9/16/14 1:00,-796.4,19.4,-3900.6,19.7,0.0000,0.0000,,0.073,18.6,0.058,0.0000,0.0000,
9/16/14 2:00,-838.2,18.8,-3873.7,19.7,0.0000,0.0000,,0.073,17.9,0.057,0.0000,0.0000,
9/16/14 3:00,-858.5,18.2,-3854.1,19.8,0.0000,0.0000,,0.072,17.3,0.057,0.0000,0.0000,
9/16/14 4:00,-879.7,17.7,-3847.9,19.8,0.0000,0.0000,,0.069,16.7,0.057,0.0000,0.0000,
9/16/14 5:00,-925.2,17.2,-3844.4,19.8,0.0000,0.0000,,0.069,16.3,0.057,0.0000,0.0000,
9/16/14 6:00,-949.3,16.8,-3827.6,19.8,0.0000,0.0000,,0.069,15.8,0.057,0.0000,0.0000,
9/16/14 7:00,-965.4,16.4,-3840.8,19.8,0.0000,0.0000,,0.069,15.4,0.057,0.0000,0.0000,
9/16/14 8:00,-997.8,16.1,-3856.8,19.8,0.0037,0.0061,0.212,0.071,15.1,0.056,0.0730,0.0780,0.936
9/16/14 9:00,-1021.2,16.0,-3864.8,19.7,0.0175,0.0251,0.283,0.073,15.4,0.055,0.3260,0.2610,1.249
9/16/14 10:00,-980.2,16.8,-3870.1,19.7,0.0325,0.0436,0.282,0.073,16.6,0.055,0.5720,0.4300,1.330
9/16/14 11:00,-912.5,18.5,-3896.1,19.7,0.0426,0.0554,0.281,0.073,19.3,0.056,0.8000,0.5880,1.361
9/16/14 12:00,-805.8,21.0,-3927.6,19.6,0.0381,0.0487,0.279,0.075,22.9,0.057,0.9780,0.7050,1.387
9/16/14 13:00,-730.7,22.9,-3945.7,19.5,0.0367,0.0471,0.288,0.076,25.4,0.057,0.9150,0.6520,1.403
9/16/14 14:00,-667.3,24.3,-3988.7,19.4,0.0234,0.0303,0.286,0.076,26.7,0.057,0.6320,0.4530,1.395
9/16/14 15:00,-644.5,24.9,-4006.1,19.4,0.0274,0.0365,0.299,0.076,27.4,0.057,0.7460,0.5370,1.389
9/16/14 16:00,-633.5,25.5,-4015.4,19.3,0.0160,0.0210,0.292,0.075,28.1,0.057,0.6240,0.4500,1.387
9/16/14 17:00,-634.8,25.7,-4021.9,19.3,0.0141,0.0187,0.297,0.074,27.7,0.057,0.5160,0.3720,1.387
9/16/14 18:00,-645.8,25.5,-4025.6,19.4,0.0159,0.0215,0.299,0.073,27.2,0.056,0.5130,0.3760,1.364
9/16/14 19:00,-673.2,25.2,-3989.6,19.4,0.0106,0.0147,0.280,0.071,26.4,0.056,0.2570,0.2010,1.279
9/16/14 20:00,-703.9,24.6,-3942.1,19.5,0.0012,0.0015,0.334,0.069,25.2,0.056,0.0140,0.0090,1.556
9/16/14 21:00,-757.9,23.7,-3911.3,19.6,0.0000,0.0000,,0.067,23.6,0.056,0.0000,0.0000,
9/16/14 22:00,-809.3,22.6,-3886.2,19.7,0.0000,0.0000,,0.066,22.2,0.055,0.0000,0.0000,
9/16/14 23:00,-858.3,21.7,-3833.8,19.8,0.0000,0.0000,,0.065,21.1,0.055,0.0000,0.0000,
9/17/14 0:00,-915.0,21.0,-3802.1,19.9,0.0000,0.0000,,0.065,20.2,0.054,0.0000,0.0000,
9/17/14 1:00,-955.5,20.2,-3781.2,19.9,0.0000,0.0000,,0.065,19.3,0.054,0.0000,0.0000,
9/17/14 2:00,-987.7,19.5,-3754.3,20.0,0.0000,0.0000,,0.064,18.6,0.054,0.0000,0.0000,
9/17/14 3:00,-1046.5,18.9,-3736.2,20.0,0.0000,0.0000,,0.064,18.0,0.053,0.0000,0.0000,
9/17/14 4:00,-1074.5,18.4,-3737.0,20.1,0.0000,0.0000,,0.064,17.6,0.053,0.0000,0.0000,
9/17/14 5:00,-1096.3,18.0,-3738.7,20.1,0.0000,0.0000,,0.064,17.2,0.053,0.0000,0.0000,
9/17/14 6:00,-1120.0,17.8,-3719.9,20.1,0.0000,0.0000,,0.064,17.1,0.052,0.0000,0.0000,
9/17/14 7:00,-1162.3,17.5,-3724.1,20.1,0.0000,0.0000,,0.063,16.8,0.051,0.0000,0.0000,
9/17/14 8:00,-1197.6,17.3,-3728.4,20.1,0.0033,0.0053,0.208,0.063,16.6,0.051,0.0710,0.0750,0.947
9/17/14 9:00,-1205.7,17.3,-3737.9,20.0,0.0179,0.0252,0.283,0.063,16.8,0.051,0.3360,0.2660,1.263
9/17/14 10:00,-1143.2,18.0,-3754.3,20.0,0.0340,0.0451,0.278,0.063,18.2,0.051,0.5860,0.4390,1.335
9/17/14 11:00,-1048.6,19.7,-3765.5,20.0,0.0432,0.0554,0.275,0.064,20.7,0.051,0.8050,0.5890,1.367
9/17/14 12:00,-934.8,21.9,-3766.4,19.9,0.0383,0.0487,0.277,0.066,23.9,0.051,0.9810,0.7050,1.391
9/17/14 13:00,-846.1,23.6,-3802.1,19.9,0.0428,0.0544,0.283,0.067,26.1,0.051,1.1030,0.7850,1.405
9/17/14 14:00,-757.4,25.5,-3796.9,19.8,0.0426,0.0554,0.294,0.068,28.9,0.052,1.1260,0.8000,1.408
9/17/14 15:00,-705.7,26.4,-3825.0,19.8,0.0300,0.0394,0.299,0.066,29.5,0.052,0.8210,0.5810,1.413
9/17/14 16:00,-683.2,27.2,-3830.2,19.8,0.0249,0.0322,0.292,0.066,30.4,0.052,0.7740,0.5470,1.415
9/17/14 17:00,-674.7,27.3,-3825.0,19.8,0.0276,0.0374,0.312,0.064,29.8,0.052,0.5410,0.3840,1.409
9/17/14 18:00,-696.8,27.0,-3799.5,19.8,0.0205,0.0274,0.292,0.063,28.8,0.052,0.5360,0.3920,1.367
9/17/14 19:00,-724.1,26.5,-3795.1,19.9,0.0131,0.0166,0.237,0.061,27.7,0.051,0.2600,0.2040,1.275
9/17/14 20:00,-767.9,25.8,-3762.9,19.9,0.0015,0.0018,0.322,0.059,26.5,0.051,0.0150,0.0090,1.667
9/17/14 21:00,-819.3,24.9,-3734.4,20.0,0.0000,0.0000,,0.057,25.0,0.051,0.0000,0.0000,
9/17/14 22:00,-882.5,23.9,-3716.4,20.1,0.0000,0.0000,,0.057,23.6,0.050,0.0000,0.0000,
9/17/14 23:00,-949.3,23.0,-3683.2,20.2,0.0000,0.0000,,0.056,22.5,0.050,0.0000,0.0000,
9/18/14 0:00,-991.1,22.3,-3650.3,20.3,0.0000,0.0000,,0.055,21.7,0.049,0.0000,0.0000,
9/18/14 1:00,-1050.8,21.8,-3633.5,20.4,0.0000,0.0000,,0.055,21.3,0.049,0.0000,0.0000,
9/18/14 2:00,-1075.5,21.4,-3615.1,20.5,0.0000,0.0000,,0.055,21.0,0.049,0.0000,0.0000,
9/18/14 3:00,-1106.2,21.0,-3598.5,20.5,0.0000,0.0000,,0.054,20.4,0.048,0.0000,0.0000,
9/18/14 4:00,-1157.2,20.6,-3589.4,20.5,0.0000,0.0000,,0.054,19.9,0.048,0.0000,0.0000,
9/18/14 5:00,-1201.8,20.2,-3562.3,20.6,0.0000,0.0000,,0.053,19.6,0.048,0.0000,0.0000,
9/18/14 6:00,-1222.7,19.8,-3565.5,20.6,0.0000,0.0000,,0.053,19.2,0.047,0.0000,0.0000,
9/18/14 7:00,-1244.6,19.4,-3560.6,20.6,0.0000,0.0000,,0.053,18.8,0.047,0.0000,0.0000,
9/18/14 8:00,-1270.9,19.1,-3568.0,20.6,0.0035,0.0053,0.187,0.053,18.4,0.047,0.0690,0.0720,0.958
9/18/14 9:00,-1294.6,18.9,-3572.1,20.6,0.0174,0.0242,0.274,0.053,18.5,0.047,0.3290,0.2580,1.275
9/18/14 10:00,-1256.4,19.5,-3577.1,20.5,0.0332,0.0434,0.277,0.053,19.5,0.046,0.5770,0.4290,1.345
9/18/14 11:00,-1175.0,21.0,-3577.1,20.5,0.0428,0.0544,0.270,0.055,21.8,0.046,0.7960,0.5800,1.372
9/18/14 12:00,-1042.9,23.0,-3595.2,20.5,0.0385,0.0482,0.270,0.055,24.9,0.046,0.9690,0.6950,1.394
9/18/14 13:00,-955.7,24.5,-3601.9,20.4,0.0392,0.0494,0.279,0.056,26.9,0.047,1.0150,0.7230,1.404
9/18/14 14:00,-873.2,25.9,-3606.8,20.4,0.0262,0.0333,0.283,0.057,28.8,0.047,0.9380,0.6650,1.411
9/18/14 15:00,-836.6,26.7,-3611.0,20.4,0.0207,0.0262,0.288,0.056,29.6,0.047,0.8180,0.5770,1.418
9/18/14 16:00,-793.5,27.3,-3616.8,20.4,0.0208,0.0266,0.285,0.055,30.3,0.047,0.7380,0.5230,1.411
9/18/14 17:00,-787.8,27.4,-3611.8,20.4,0.0286,0.0381,0.299,0.053,29.7,0.047,0.7510,0.5390,1.393
9/18/14 18:00,-804.7,27.2,-3600.2,20.4,0.0198,0.0257,0.281,0.052,29.1,0.046,0.5190,0.3770,1.377
9/18/14 19:00,-841.4,26.7,-3593.6,20.5,0.0090,0.0121,0.268,0.050,28.0,0.046,0.2390,0.1840,1.299
9/18/14 20:00,-877.5,26.0,-3568.0,20.5,0.0016,0.0020,0.354,0.048,26.7,0.045,0.0110,0.0070,1.571
9/18/14 21:00,-946.3,25.1,-3543.4,20.6,0.0000,0.0000,,0.047,25.2,0.045,0.0000,0.0000,
9/18/14 22:00,-1006.8,24.3,-3506.9,20.7,0.0000,0.0000,,0.047,24.0,0.045,0.0000,0.0000,
9/18/14 23:00,-1075.5,23.4,-3470.0,20.7,0.0000,0.0000,,0.046,23.0,0.044,0.0000,0.0000,
9/19/14 0:00,-1126.2,22.7,-3412.1,20.8,0.0000,0.0000,,0.045,22.3,0.044,0.0000,0.0000,
9/19/14 1:00,-1196.8,22.2,-3357.6,20.9,0.0000,0.0000,,0.045,21.7,0.044,0.0000,0.0000,
9/19/14 2:00,-1230.3,21.7,-3297.1,20.9,0.0000,0.0000,,0.045,21.1,0.043,0.0000,0.0000,
9/19/14 3:00,-1267.4,21.1,-3270.6,21.0,0.0000,0.0000,,0.044,20.3,0.043,0.0000,0.0000,
9/19/14 4:00,-1340.4,20.5,-3228.7,21.0,0.0000,0.0000,,0.044,19.7,0.042,0.0000,0.0000,
9/19/14 5:00,-1390.4,20.1,-3225.0,21.0,0.0000,0.0000,,0.044,19.3,0.042,0.0000,0.0000,
9/19/14 6:00,-1411.3,19.8,-3205.7,21.0,0.0000,0.0000,,0.043,19.0,0.042,0.0000,0.0000,
9/19/14 7:00,-1436.6,19.4,-3220.5,21.0,0.0000,0.0000,,0.043,18.6,0.042,0.0000,0.0000,
9/19/14 8:00,-1472.1,19.0,-3224.2,21.0,0.0019,0.0026,0.272,0.043,18.2,0.042,0.0310,0.0250,1.240
9/19/14 9:00,-1491.5,18.8,-3235.4,21.0,0.0172,0.0242,0.275,0.043,18.2,0.042,0.3160,0.2530,1.249
9/19/14 10:00,-1454.9,19.2,-3256.3,21.0,0.0325,0.0428,0.273,0.044,19.0,0.042,0.5840,0.4400,1.327
9/19/14 11:00,-1361.5,20.6,-3278.9,20.9,0.0379,0.0485,0.273,0.045,21.3,0.041,0.7210,0.5270,1.368
9/19/14 12:00,-1199.8,22.7,-3322.2,20.9,0.0381,0.0478,0.270,0.047,24.6,0.041,0.9600,0.6900,1.391
9/19/14 13:00,-1079.3,24.3,-3358.4,20.8,0.0420,0.0531,0.281,0.047,26.8,0.042,1.0710,0.7620,1.406
9/19/14 14:00,-971.5,26.1,-3385.5,20.8,0.0416,0.0531,0.285,0.048,29.6,0.042,1.1090,0.7860,1.411
9/19/14 15:00,-913.3,27.2,-3415.3,20.7,0.0337,0.0438,0.294,0.047,30.6,0.042,0.9280,0.6560,1.415
9/19/14 16:00,-870.0,27.7,-3442.9,20.7,0.0203,0.0259,0.283,0.046,31.0,0.042,0.8200,0.5860,1.399
9/19/14 17:00,-868.6,27.7,-3439.7,20.7,0.0122,0.0160,0.290,0.043,30.1,0.042,0.4090,0.2950,1.386
9/19/14 18:00,-920.9,27.0,-3421.6,20.7,0.0180,0.0235,0.275,0.042,28.5,0.041,0.4600,0.3380,1.361
9/19/14 19:00,-959.7,26.3,-3398.0,20.8,0.0088,0.0117,0.262,0.040,27.3,0.040,0.2190,0.1710,1.281
9/19/14 20:00,-1025.7,25.4,-3360.7,20.8,0.0012,0.0017,0.344,0.039,25.8,0.040,0.0130,0.0080,1.625
9/19/14 21:00,-1093.8,24.5,-3304.7,20.9,0.0000,0.0000,,0.038,24.3,0.039,0.0000,0.0000,
9/19/14 22:00,-1189.4,23.5,-3222.7,20.9,0.0000,0.0000,,0.037,22.9,0.039,0.0000,0.0000,
9/19/14 23:00,-1246.3,22.5,-3173.4,21.0,0.0000,0.0000,,0.037,21.7,0.039,0.0000,0.0000,
9/20/14 0:00,-1322.9,21.7,-3129.9,21.1,0.0000,0.0000,,0.036,20.8,0.039,0.0000,0.0000,
9/20/14 1:00,-1405.5,21.0,-3096.2,21.1,0.0000,0.0000,,0.036,19.9,0.039,0.0000,0.0000,
9/20/14 2:00,-1446.9,20.4,-3068.5,21.2,0.0000,0.0000,,0.036,19.2,0.038,0.0000,0.0000,
9/20/14 3:00,-1516.1,19.8,-3041.1,21.2,0.0000,0.0000,,0.036,18.6,0.038,0.0000,0.0000,
9/20/14 4:00,-1609.3,19.1,-3040.4,21.2,0.0000,0.0000,,0.036,18.0,0.038,0.0000,0.0000,
9/20/14 5:00,-1657.0,18.6,-3052.3,21.2,0.0000,0.0000,,0.036,17.4,0.037,0.0000,0.0000,
9/20/14 6:00,-1690.5,18.1,-3042.5,21.2,0.0000,0.0000,,0.036,16.9,0.037,0.0000,0.0000,
9/20/14 7:00,-1728.7,17.7,-3053.0,21.2,0.0000,0.0000,,0.036,16.5,0.037,0.0000,0.0000,
9/20/14 8:00,-1787.8,17.3,-3074.9,21.1,0.0027,0.0043,0.217,0.036,16.0,0.037,0.0530,0.0550,0.964
9/20/14 9:00,-1818.6,17.0,-3111.9,21.1,0.0157,0.0229,0.281,0.036,16.1,0.037,0.2930,0.2410,1.216
9/20/14 10:00,-1728.7,17.6,-3134.9,21.0,0.0321,0.0430,0.276,0.036,17.2,0.037,0.5430,0.4140,1.312
9/20/14 11:00,-1580.3,19.1,-3191.7,20.9,0.0418,0.0541,0.273,0.037,19.7,0.037,0.7730,0.5720,1.351
9/20/14 12:00,-1357.8,21.4,-3268.3,20.9,0.0381,0.0482,0.268,0.038,23.4,0.037,0.9530,0.6920,1.377
9/20/14 13:00,-1223.8,23.2,-3297.8,20.8,0.0420,0.0533,0.277,0.039,25.7,0.037,1.0680,0.7650,1.396
9/20/14 14:00,-1088.5,25.1,-3361.4,20.7,0.0412,0.0526,0.285,0.040,28.7,0.037,1.0950,0.7800,1.404
9/20/14 15:00,-994.8,26.3,-3387.1,20.7,0.0357,0.0466,0.296,0.039,30.0,0.036,1.0440,0.7410,1.409
9/20/14 16:00,-955.5,27.1,-3435.0,20.6,0.0250,0.0316,0.281,0.038,30.9,0.037,0.9160,0.6530,1.403
9/20/14 17:00,-948.5,27.3,-3450.9,20.6,0.0251,0.0335,0.299,0.036,30.3,0.036,0.7180,0.5180,1.386
9/20/14 18:00,-966.6,26.8,-3462.8,20.6,0.0120,0.0158,0.286,0.034,28.9,0.036,0.3080,0.2260,1.363
9/20/14 19:00,-1031.2,26.0,-3454.0,20.6,0.0060,0.0083,0.279,0.033,27.2,0.035,0.1670,0.1280,1.305
9/20/14 20:00,-1089.2,25.2,-3408.2,20.7,0.0006,0.0009,0.249,0.031,25.6,0.035,0.0090,0.0080,1.125
9/20/14 21:00,-1175.0,24.3,-3347.5,20.7,0.0000,0.0000,,0.030,24.3,0.035,0.0000,0.0000,
9/20/14 22:00,-1227.5,23.5,-3308.5,20.8,0.0000,0.0000,,0.029,23.4,0.034,0.0000,0.0000,
9/20/14 23:00,-1257.3,23.0,-3221.3,20.9,0.0000,0.0000,,0.029,22.9,0.034,0.0000,0.0000,
9/21/14 0:00,-1309.0,22.5,-3187.3,20.9,0.0000,0.0000,,0.029,22.3,0.034,0.0000,0.0000,
9/21/14 1:00,-1377.9,22.0,-3153.7,21.0,0.0000,0.0000,,0.029,21.6,0.034,0.0000,0.0000,
9/21/14 2:00,-1413.9,21.6,-3099.7,21.0,0.0000,0.0000,,0.028,21.1,0.033,0.0000,0.0000,
9/21/14 3:00,-1439.2,21.2,-3073.4,21.1,0.0000,0.0000,,0.028,20.8,0.033,0.0000,0.0000,
9/21/14 4:00,-1467.3,20.9,-3056.5,21.1,0.0000,0.0000,,0.027,20.4,0.033,0.0000,0.0000,
9/21/14 5:00,-1507.7,20.6,-3034.8,21.1,0.0000,0.0000,,0.027,20.0,0.033,0.0000,0.0000,
9/21/14 6:00,-1567.9,20.3,-3041.8,21.1,0.0000,0.0000,,0.027,19.7,0.033,0.0000,0.0000,
9/21/14 7:00,-1613.3,20.0,-3033.4,21.1,0.0000,0.0000,,0.027,19.5,0.033,0.0000,0.0000,
9/21/14 8:00,-1641.8,19.8,-3054.4,21.1,0.0009,0.0013,0.295,0.027,19.1,0.033,0.0180,0.0130,1.385
9/21/14 9:00,-1660.5,19.4,-3055.8,21.1,0.0060,0.0082,0.271,0.027,18.9,0.033,0.1360,0.1060,1.283
9/21/14 10:00,-1651.7,19.6,-3073.4,21.0,0.0074,0.0097,0.277,0.027,19.4,0.032,0.1820,0.1350,1.348
9/21/14 11:00,-1641.4,19.8,-3086.2,21.0,0.0040,0.0052,0.273,0.026,19.9,0.032,0.1000,0.0740,1.351
9/21/14 12:00,-1642.2,19.8,-3104.0,21.0,0.0074,0.0097,0.286,0.023,19.8,0.032,0.2070,0.1510,1.371
9/21/14 13:00,-1648.6,19.8,-3134.9,20.9,0.0056,0.0074,0.292,0.027,19.7,0.032,0.1670,0.1210,1.380
9/21/14 14:00,-1652.8,19.6,-3152.3,20.9,0.0044,0.0063,0.319,0.053,19.3,0.032,0.2860,0.2130,1.343
9/21/14 15:00,-1650.9,19.7,-3193.2,20.9,0.0058,0.0079,0.278,0.045,19.9,0.032,0.4380,0.3310,1.323
9/21/14 16:00,-1584.3,20.5,-3221.3,20.8,0.0093,0.0083,0.097,0.035,21.6,0.031,0.5640,0.4180,1.349
9/21/14 17:00,-1474.8,21.1,-3242.1,20.8,0.0105,0.0103,0.138,0.033,22.1,0.031,0.3770,0.2780,1.356
9/21/14 18:00,-1487.1,21.0,-3275.1,20.7,0.0178,0.0223,0.251,0.032,21.5,0.032,0.5010,0.3740,1.340
9/21/14 19:00,-1569.4,20.6,-3303.1,20.7,0.0027,0.0032,0.263,0.031,20.5,0.032,0.0770,0.0550,1.400
9/21/14 20:00,-1646.0,19.9,-3331.4,20.7,0.0002,0.0002,0.131,0.031,19.3,0.032,0.0060,0.0040,1.500
9/21/14 21:00,-1698.7,19.2,-3339.8,20.7,0.0000,0.0000,,0.031,18.3,0.033,0.0000,0.0000,
9/21/14 22:00,-1785.4,18.6,-3365.3,20.6,0.0000,0.0000,,0.030,17.5,0.033,0.0000,0.0000,
9/21/14 23:00,-1921.9,18.0,-3390.2,20.6,0.0000,0.0000,,0.030,16.8,0.033,0.0000,0.0000,
9/22/14 0:00,-1977.1,17.6,-3406.6,20.6,0.0000,0.0000,,0.030,16.3,0.033,0.0000,0.0000,
9/22/14 1:00,-1999.1,17.3,-3420.0,20.6,0.0000,0.0000,,0.031,16.2,0.033,0.0000,0.0000,
9/22/14 2:00,-2014.3,17.1,-3424.7,20.5,0.0000,0.0000,,0.031,16.1,0.033,0.0000,0.0000,
9/22/14 3:00,-2045.2,16.8,-3450.1,20.5,0.0000,0.0000,,0.031,15.8,0.033,0.0000,0.0000,
9/22/14 4:00,-2078.4,16.6,-3470.8,20.5,0.0000,0.0000,,0.031,15.5,0.033,0.0000,0.0000,
9/22/14 5:00,-2117.0,16.3,-3491.6,20.4,0.0000,0.0000,,0.031,15.2,0.033,0.0000,0.0000,
9/22/14 6:00,-2194.5,16.0,-3531.2,20.4,0.0000,0.0000,,0.031,14.9,0.032,0.0000,0.0000,
9/22/14 7:00,-2296.8,15.7,-3542.6,20.3,0.0000,0.0000,,0.031,14.5,0.033,0.0000,0.0000,
9/22/14 8:00,-2369.9,15.4,-3568.8,20.2,0.0024,0.0036,0.182,0.031,14.2,0.033,0.0560,0.0600,0.933
9/22/14 9:00,-2363.3,15.4,-3587.0,20.2,0.0101,0.0139,0.267,0.032,14.4,0.033,0.2230,0.1750,1.274
9/22/14 10:00,-2166.3,16.0,-3614.3,20.1,0.0257,0.0335,0.263,0.033,15.7,0.033,0.5270,0.4010,1.314
9/22/14 11:00,-1945.0,17.3,-3641.0,20.1,0.0318,0.0394,0.253,0.035,17.9,0.033,0.6710,0.4960,1.353
9/22/14 12:00,-1692.5,19.0,-3655.3,20.0,0.0383,0.0462,0.246,0.036,20.4,0.033,0.9710,0.7050,1.377
9/22/14 13:00,-1477.2,21.0,-3679.8,19.9,0.0410,0.0501,0.253,0.038,23.0,0.033,1.1240,0.8170,1.376
9/22/14 14:00,-1295.2,22.8,-3697.7,19.8,0.0282,0.0341,0.254,0.040,25.6,0.034,0.7930,0.5720,1.386
9/22/14 15:00,-1215.7,23.8,-3714.7,19.8,0.0149,0.0184,0.257,0.040,26.2,0.034,0.5380,0.3940,1.365
9/22/14 16:00,-1224.1,23.5,-3708.7,19.7,0.0087,0.0109,0.249,0.038,24.7,0.034,0.2250,0.1690,1.331
9/22/14 17:00,-1259.3,22.8,-3739.6,19.7,0.0094,0.0117,0.257,0.038,23.5,0.034,0.2690,0.2000,1.345
9/22/14 18:00,-1290.7,22.5,-3743.9,19.7,0.0089,0.0107,0.246,0.037,23.0,0.034,0.2420,0.1770,1.367
9/22/14 19:00,-1352.8,22.1,-3732.7,19.7,0.0085,0.0112,0.246,0.037,22.3,0.034,0.2130,0.1710,1.246
9/22/14 20:00,-1406.1,21.5,-3729.3,19.8,0.0009,0.0011,0.236,0.036,21.4,0.034,0.0120,0.0100,1.200
9/22/14 21:00,-1473.8,20.7,-3707.0,19.8,0.0000,0.0000,,0.035,20.1,0.034,0.0000,0.0000,
9/22/14 22:00,-1613.7,19.9,-3701.1,19.8,0.0000,0.0000,,0.035,19.0,0.034,0.0000,0.0000,
9/22/14 23:00,-1689.8,19.0,-3696.8,19.9,0.0000,0.0000,,0.034,17.9,0.035,0.0000,0.0000,
9/23/14 0:00,-1789.1,18.3,-3671.4,19.9,0.0000,0.0000,,0.034,17.1,0.035,0.0000,0.0000,
9/23/14 1:00,-1937.4,17.6,-3663.8,19.9,0.0000,0.0000,,0.033,16.3,0.035,0.0000,0.0000,
9/23/14 2:00,-1992.6,17.1,-3667.1,19.9,0.0000,0.0000,,0.033,15.8,0.035,0.0000,0.0000,
9/23/14 3:00,-2038.6,16.6,-3661.2,19.9,0.0000,0.0000,,0.033,15.3,0.035,0.0000,0.0000,
9/23/14 4:00,-2112.6,16.2,-3662.1,19.9,0.0000,0.0000,,0.033,14.8,0.035,0.0000,0.0000,
9/23/14 5:00,-2235.8,15.7,-3666.3,19.9,0.0000,0.0000,,0.033,14.3,0.035,0.0000,0.0000,
9/23/14 6:00,-2352.5,15.3,-3668.8,19.9,0.0000,0.0000,,0.033,13.9,0.035,0.0000,0.0000,
9/23/14 7:00,-2418.9,14.9,-3679.8,19.9,0.0000,0.0000,,0.033,13.4,0.035,0.0000,0.0000,
9/23/14 8:00,-2456.0,14.5,-3687.4,19.8,0.0024,0.0036,0.189,0.033,13.1,0.034,0.0470,0.0480,0.979
9/23/14 9:00,-2456.6,14.4,-3695.1,19.8,0.0148,0.0205,0.262,0.033,13.2,0.034,0.2900,0.2360,1.229
9/23/14 10:00,-2318.1,15.0,-3727.6,19.7,0.0310,0.0392,0.249,0.035,14.5,0.034,0.5340,0.4060,1.315
9/23/14 11:00,-1950.9,16.8,-3727.6,19.6,0.0408,0.0496,0.244,0.036,17.4,0.035,0.7620,0.5620,1.356
9/23/14 12:00,-1589.7,19.5,-3757.7,19.6,0.0378,0.0451,0.248,0.039,21.4,0.035,0.9560,0.6900,1.386
9/23/14 13:00,-1357.5,21.7,-3782.9,19.4,0.0392,0.0473,0.252,0.041,24.3,0.035,1.0710,0.7690,1.393
9/23/14 14:00,-1170.6,23.9,-3806.5,19.4,0.0445,0.0544,0.259,0.043,27.6,0.035,1.1580,0.8350,1.387
9/23/14 15:00,-1035.2,25.5,-3829.4,19.3,0.0105,0.0122,0.241,0.043,28.8,0.036,0.3830,0.2700,1.419
9/23/14 16:00,-1046.2,25.1,-3826.7,19.3,0.0187,0.0223,0.254,0.042,27.2,0.036,0.6660,0.4730,1.408
9/23/14 17:00,-1055.4,24.8,-3855.9,19.2,0.0100,0.0119,0.259,0.040,26.3,0.037,0.3640,0.2550,1.427
9/23/14 18:00,-1070.8,24.3,-3846.1,19.3,0.0160,0.0191,0.241,0.040,25.4,0.036,0.4470,0.3270,1.367
9/23/14 19:00,-1092.8,23.8,-3840.8,19.3,0.0096,0.0114,0.210,0.038,24.6,0.036,0.1920,0.1490,1.289
9/23/14 20:00,-1161.8,23.1,-3815.3,19.3,0.0008,0.0008,0.257,0.037,23.3,0.037,0.0080,0.0050,1.600
9/23/14 21:00,-1235.5,22.1,-3786.4,19.4,0.0000,0.0000,,0.036,21.8,0.037,0.0000,0.0000,
9/23/14 22:00,-1348.1,21.2,-3753.4,19.5,0.0000,0.0000,,0.035,20.4,0.036,0.0000,0.0000,
9/23/14 23:00,-1437.9,20.2,-3722.4,19.6,0.0000,0.0000,,0.035,19.2,0.036,0.0000,0.0000,
9/24/14 0:00,-1566.5,19.4,-3713.0,19.7,0.0000,0.0000,,0.034,18.2,0.035,0.0000,0.0000,
9/24/14 1:00,-1669.3,18.5,-3696.0,19.8,0.0000,0.0000,,0.034,17.3,0.035,0.0000,0.0000,
9/24/14 2:00,-1741.5,17.9,-3686.6,19.8,0.0000,0.0000,,0.034,16.6,0.035,0.0000,0.0000,
9/24/14 3:00,-1877.3,17.3,-3675.6,19.8,0.0000,0.0000,,0.033,15.9,0.035,0.0000,0.0000,
9/24/14 4:00,-1971.2,16.7,-3650.3,19.9,0.0000,0.0000,,0.033,15.3,0.035,0.0000,0.0000,
9/24/14 5:00,-2024.1,16.2,-3641.0,19.9,0.0000,0.0000,,0.033,14.7,0.035,0.0000,0.0000,
9/24/14 6:00,-2080.3,15.7,-3649.4,19.9,0.0000,0.0000,,0.033,14.3,0.035,0.0000,0.0000,
9/24/14 7:00,-2156.9,15.3,-3642.7,19.8,0.0000,0.0000,,0.033,13.9,0.035,0.0000,0.0000,
9/24/14 8:00,-2261.1,15.0,-3664.6,19.8,0.0025,0.0038,0.162,0.033,13.6,0.035,0.0550,0.0600,0.917
9/24/14 9:00,-2275.8,14.8,-3684.1,19.8,0.0161,0.0214,0.244,0.033,13.8,0.034,0.3040,0.2450,1.241
9/24/14 10:00,-2086.5,15.5,-3689.1,19.7,0.0321,0.0398,0.240,0.034,14.9,0.034,0.5450,0.4130,1.320
9/24/14 11:00,-1829.9,17.2,-3712.2,19.6,0.0414,0.0501,0.242,0.035,17.8,0.034,0.7720,0.5690,1.357
9/24/14 12:00,-1513.3,19.9,-3718.1,19.6,0.0379,0.0449,0.243,0.037,21.8,0.035,0.9470,0.6840,1.385
9/24/14 13:00,-1299.9,21.9,-3748.2,19.4,0.0408,0.0489,0.250,0.038,24.4,0.035,1.0560,0.7560,1.397
9/24/14 14:00,-1173.3,23.5,-3760.3,19.4,0.0391,0.0473,0.261,0.039,26.6,0.035,1.0820,0.7700,1.405
9/24/14 15:00,-1041.4,25.1,-3785.5,19.3,0.0330,0.0410,0.272,0.040,28.5,0.035,1.0300,0.7330,1.405
9/24/14 16:00,-969.5,25.7,-3796.9,19.3,0.0233,0.0280,0.259,0.040,28.7,0.035,0.9020,0.6430,1.403
9/24/14 17:00,-953.7,25.7,-3792.5,19.3,0.0254,0.0321,0.275,0.038,28.1,0.035,0.7150,0.5130,1.394
9/24/14 18:00,-955.7,25.5,-3802.1,19.3,0.0187,0.0227,0.244,0.037,27.3,0.035,0.4830,0.3570,1.353
9/24/14 19:00,-976.2,24.9,-3774.2,19.3,0.0097,0.0119,0.217,0.035,26.0,0.035,0.1870,0.1480,1.264
9/24/14 20:00,-1044.5,24.2,-3765.5,19.4,0.0010,0.0010,0.244,0.033,24.5,0.035,0.0080,0.0050,1.600
9/24/14 21:00,-1130.6,23.0,-3736.2,19.4,0.0000,0.0000,,0.032,22.8,0.035,0.0000,0.0000,
9/24/14 22:00,-1230.3,22.0,-3719.9,19.6,0.0000,0.0000,,0.031,21.4,0.034,0.0000,0.0000,
9/24/14 23:00,-1325.6,21.1,-3687.4,19.7,0.0000,0.0000,,0.031,20.3,0.034,0.0000,0.0000,
9/25/14 0:00,-1417.2,20.4,-3669.7,19.8,0.0000,0.0000,,0.031,19.5,0.034,0.0000,0.0000,
9/25/14 1:00,-1501.8,19.7,-3635.2,19.8,0.0000,0.0000,,0.030,18.7,0.034,0.0000,0.0000,
9/25/14 2:00,-1613.7,19.2,-3620.1,19.9,0.0000,0.0000,,0.030,18.3,0.033,0.0000,0.0000,
9/25/14 3:00,-1652.8,18.8,-3620.1,19.9,0.0000,0.0000,,0.030,18.0,0.033,0.0000,0.0000,
9/25/14 4:00,-1682.0,18.4,-3594.4,20.0,0.0000,0.0000,,0.029,17.6,0.033,0.0000,0.0000,
9/25/14 5:00,-1721.2,18.1,-3601.9,20.0,0.0000,0.0000,,0.029,17.2,0.033,0.0000,0.0000,
9/25/14 6:00,-1772.7,17.7,-3601.9,20.0,0.0000,0.0000,,0.029,16.8,0.032,0.0000,0.0000,
9/25/14 7:00,-1852.8,17.4,-3579.5,20.0,0.0000,0.0000,,0.029,16.5,0.032,0.0000,0.0000,
9/25/14 8:00,-1926.3,17.1,-3596.9,20.0,0.0024,0.0034,0.134,0.029,16.2,0.032,0.0540,0.0590,0.915
9/25/14 9:00,-1954.0,16.9,-3604.3,19.9,0.0161,0.0210,0.235,0.029,16.2,0.032,0.3040,0.2450,1.241
9/25/14 10:00,-1847.3,17.4,-3607.7,19.9,0.0315,0.0387,0.242,0.029,17.2,0.032,0.5550,0.4180,1.328
9/25/14 11:00,-1651.7,18.9,-3620.1,19.9,0.0414,0.0496,0.237,0.030,19.6,0.032,0.7710,0.5670,1.360
9/25/14 12:00,-1420.5,21.0,-3623.5,19.8,0.0383,0.0451,0.241,0.031,22.8,0.032,0.9400,0.6790,1.384
9/25/14 13:00,-1250.0,22.7,-3638.5,19.8,0.0408,0.0485,0.245,0.032,25.2,0.031,1.0490,0.7510,1.397
9/25/14 14:00,-1147.4,24.1,-3645.2,19.8,0.0391,0.0471,0.259,0.033,27.0,0.032,1.0760,0.7670,1.403
9/25/14 15:00,-1044.8,25.4,-3659.5,19.7,0.0345,0.0428,0.272,0.033,28.7,0.031,1.0200,0.7270,1.403
9/25/14 16:00,-992.9,25.8,-3661.2,19.7,0.0226,0.0269,0.245,0.032,28.6,0.031,0.8890,0.6360,1.398
9/25/14 17:00,-992.3,25.7,-3674.7,19.7,0.0257,0.0321,0.268,0.031,27.9,0.031,0.7050,0.5080,1.388
9/25/14 18:00,-1023.4,25.4,-3650.3,19.7,0.0187,0.0226,0.239,0.029,27.1,0.031,0.4720,0.3500,1.349
9/25/14 19:00,-1065.4,24.9,-3645.2,19.8,0.0091,0.0111,0.211,0.027,26.0,0.030,0.1770,0.1410,1.255
9/25/14 20:00,-1116.9,24.2,-3629.3,19.8,0.0006,0.0005,0.119,0.026,24.7,0.030,0.0070,0.0040,1.750
9/25/14 21:00,-1216.0,23.3,-3616.0,19.9,0.0000,0.0000,,0.026,23.3,0.030,0.0000,0.0000,
9/25/14 22:00,-1275.6,22.5,-3591.1,19.9,0.0000,0.0000,,0.025,22.2,0.030,0.0000,0.0000,
9/25/14 23:00,-1370.6,21.9,-3557.3,20.0,0.0000,0.0000,,0.024,21.5,0.030,0.0000,0.0000,
9/26/14 0:00,-1413.9,21.3,-3540.2,20.1,0.0000,0.0000,,0.024,20.9,0.030,0.0000,0.0000,
9/26/14 1:00,-1454.9,20.8,-3508.5,20.1,0.0000,0.0000,,0.024,20.3,0.029,0.0000,0.0000,
9/26/14 2:00,-1503.6,20.4,-3480.4,20.2,0.0000,0.0000,,0.023,19.8,0.029,0.0000,0.0000,
9/26/14 3:00,-1589.4,20.1,-3450.1,20.2,0.0000,0.0000,,0.023,19.4,0.029,0.0000,0.0000,
9/26/14 4:00,-1642.2,19.7,-3420.8,20.3,0.0000,0.0000,,0.023,19.0,0.029,0.0000,0.0000,
9/26/14 5:00,-1671.2,19.2,-3410.6,20.3,0.0000,0.0000,,0.022,18.5,0.029,0.0000,0.0000,
9/26/14 6:00,-1707.4,18.8,-3394.1,20.3,0.0000,0.0000,,0.022,18.1,0.029,0.0000,0.0000,
9/26/14 7:00,-1771.8,18.4,-3374.6,20.3,0.0000,0.0000,,0.022,17.5,0.028,0.0000,0.0000,
9/26/14 8:00,-1871.2,18.0,-3387.9,20.3,0.0022,0.0031,0.143,0.022,17.1,0.028,0.0500,0.0530,0.943
9/26/14 9:00,-1933.0,17.7,-3412.9,20.3,0.0158,0.0203,0.232,0.022,17.1,0.028,0.2940,0.2350,1.251
9/26/14 10:00,-1829.5,18.2,-3435.0,20.2,0.0316,0.0381,0.233,0.022,18.0,0.028,0.5420,0.4080,1.328
9/26/14 11:00,-1650.5,19.5,-3454.0,20.2,0.0416,0.0492,0.237,0.023,20.3,0.028,0.7680,0.5640,1.362
9/26/14 12:00,-1427.7,21.5,-3467.6,20.2,0.0400,0.0466,0.236,0.024,23.4,0.027,0.9590,0.6940,1.382
9/26/14 13:00,-1266.9,23.1,-3454.0,20.1,0.0330,0.0387,0.239,0.024,25.5,0.027,0.8630,0.6180,1.396
9/26/14 14:00,-1224.4,23.7,-3486.0,20.1,0.0206,0.0259,0.270,0.020,25.6,0.027,0.7800,0.5640,1.383
9/26/14 15:00,-1241.2,23.3,-3523.9,20.1,0.0245,0.0300,0.259,0.022,24.7,0.027,0.7970,0.5770,1.381
9/26/14 16:00,-1252.6,23.1,-3538.6,20.0,0.0194,0.0234,0.246,0.023,24.5,0.027,0.6170,0.4480,1.377
9/26/14 17:00,-1257.6,23.1,-3536.9,20.0,0.0271,0.0333,0.255,0.024,24.3,0.027,0.7160,0.5210,1.374
9/26/14 18:00,-1252.9,23.1,-3520.7,20.0,0.0124,0.0146,0.234,0.023,24.3,0.027,0.3190,0.2340,1.363
9/26/14 19:00,-1279.8,22.8,-3505.3,20.0,0.0030,0.0036,0.233,0.022,23.3,0.027,0.0770,0.0580,1.328
9/26/14 20:00,-1362.5,22.3,-3493.2,20.1,0.0002,0.0002,0.071,0.022,22.4,0.027,0.0040,0.0030,1.333
9/26/14 21:00,-1409.0,21.7,-3464.4,20.1,0.0000,0.0000,,0.021,21.5,0.027,0.0000,0.0000,
9/26/14 22:00,-1440.9,21.2,-3474.0,20.1,0.0000,0.0000,,0.021,20.9,0.027,0.0000,0.0000,
9/26/14 23:00,-1496.3,20.8,-3453.2,20.2,0.0000,0.0000,,0.020,20.3,0.027,0.0000,0.0000,
9/27/14 0:00,-1581.0,20.4,-3404.3,20.2,0.0000,0.0000,,0.020,19.8,0.027,0.0000,0.0000,
9/27/14 1:00,-1633.5,20.0,-3380.1,20.2,0.0000,0.0000,,0.020,19.3,0.027,0.0000,0.0000,
9/27/14 2:00,-1661.6,19.5,-3401.9,20.2,0.0000,0.0000,,0.020,18.8,0.027,0.0000,0.0000,
9/27/14 3:00,-1698.3,19.1,-3344.5,20.2,0.0000,0.0000,,0.020,18.4,0.026,0.0000,0.0000,
9/27/14 4:00,-1739.9,18.8,-3348.3,20.2,0.0000,0.0000,,0.024,18.1,0.026,0.0000,0.0000,
9/27/14 5:00,-1796.9,18.5,-3352.2,20.2,0.0000,0.0000,,0.036,17.8,0.026,0.0000,0.0000,
9/27/14 6:00,-1879.4,18.2,-3356.8,20.2,0.0000,0.0000,,0.039,17.4,0.027,0.0000,0.0000,
9/27/14 7:00,-1935.6,17.9,-3359.1,20.2,0.0000,0.0000,,0.040,17.1,0.026,0.0000,0.0000,
9/27/14 8:00,-1967.1,17.6,-3390.2,20.2,0.0000,0.0000,,0.046,16.8,0.027,0.0010,0.0000,
9/27/14 9:00,-1987.1,17.3,-3417.6,20.2,0.0009,0.0017,0.416,0.050,16.5,0.027,0.0910,0.0700,1.300
9/27/14 10:00,-1996.8,17.3,-3431.8,20.1,0.0018,0.0035,0.433,0.048,16.7,0.027,0.1830,0.1380,1.326
9/27/14 11:00,-1968.9,17.7,-3460.4,20.1,0.0025,0.0049,0.431,0.044,17.7,0.027,0.2560,0.1940,1.320
9/27/14 12:00,-1886.8,17.9,-3472.4,20.1,0.0012,0.0022,0.428,0.060,17.8,0.028,0.1260,0.0930,1.355
9/27/14 13:00,-1915.7,17.8,-3501.3,20.0,0.0013,0.0028,0.474,0.063,17.5,0.032,0.1510,0.1130,1.336
9/27/14 14:00,-1944.6,17.7,-3507.7,20.0,0.0007,0.0021,0.623,0.067,17.3,0.043,0.0770,0.0560,1.375
9/27/14 15:00,-2106.3,17.1,-3502.1,19.9,0.0004,0.0017,0.694,0.079,16.5,0.055,0.0640,0.0450,1.422
9/27/14 16:00,-1693.3,16.6,-3486.8,19.9,0.0003,0.0011,0.738,0.091,15.9,0.069,0.0480,0.0330,1.455
9/27/14 17:00,-205.4,16.2,-3497.2,19.8,0.0004,0.0021,0.740,0.106,15.5,0.082,0.0760,0.0570,1.333
9/27/14 18:00,-83.5,15.8,-3534.5,19.8,0.0002,0.0017,0.794,0.119,15.2,0.099,0.0590,0.0460,1.283
9/27/14 19:00,-65.4,15.5,-3537.7,19.7,0.0000,0.0007,,0.125,14.8,0.124,0.0230,0.0190,1.211
9/27/14 20:00,-60.1,15.1,-3552.4,19.7,0.0000,0.0000,,0.126,14.3,0.139,0.0010,0.0010,1.000
9/27/14 21:00,-57.1,14.6,-3569.7,19.6,0.0000,0.0000,,0.127,13.8,0.145,0.0000,0.0000,
9/27/14 22:00,-56.1,14.2,-3589.4,19.6,0.0000,0.0000,,0.128,13.4,0.145,0.0000,0.0000,
9/27/14 23:00,-56.5,13.9,-3609.3,19.5,0.0000,0.0000,,0.128,13.0,0.145,0.0000,0.0000,
9/28/14 0:00,-57.1,13.5,-3637.7,19.4,0.0000,0.0000,,0.129,12.7,0.142,0.0000,0.0000,
9/28/14 1:00,-58.1,13.3,-3651.1,19.3,0.0000,0.0000,,0.130,12.5,0.139,0.0000,0.0000,
9/28/14 2:00,-59.2,13.0,-3671.4,19.2,0.0000,0.0000,,0.130,12.3,0.136,0.0000,0.0000,
9/28/14 3:00,-60.3,12.8,-3706.2,19.2,0.0000,0.0000,,0.131,12.0,0.134,0.0000,0.0000,
9/28/14 4:00,-61.4,12.5,-3713.0,19.1,0.0000,0.0000,,0.132,11.7,0.131,0.0000,0.0000,
9/28/14 5:00,-62.5,12.2,-3741.3,19.0,0.0000,0.0000,,0.133,11.4,0.128,0.0000,0.0000,
9/28/14 6:00,-63.6,11.9,-3792.5,18.9,0.0000,0.0000,,0.133,11.0,0.127,0.0000,0.0000,
9/28/14 7:00,-64.7,11.6,-3819.7,18.8,0.0000,0.0000,,0.133,10.6,0.124,0.0000,0.0000,
9/28/14 8:00,-65.7,11.3,-3861.2,18.7,0.0002,0.0003,0.349,0.132,10.3,0.121,0.0090,0.0080,1.125
9/28/14 9:00,-66.9,11.1,-3898.8,18.7,0.0031,0.0058,0.394,0.133,10.1,0.120,0.1340,0.1080,1.241
9/28/14 10:00,-68.2,11.3,-3946.6,18.6,0.0100,0.0170,0.375,0.134,10.8,0.117,0.4030,0.3110,1.296
9/28/14 11:00,-69.9,12.8,-4020.0,18.5,0.0184,0.0293,0.360,0.133,13.1,0.116,0.7290,0.5500,1.325
9/28/14 12:00,-71.4,15.2,-4138.3,18.4,0.0186,0.0286,0.351,0.133,16.3,0.117,0.9220,0.6800,1.356
9/28/14 13:00,-73.1,16.8,-4183.4,18.3,0.0193,0.0301,0.363,0.132,18.2,0.116,1.0230,0.7470,1.369
9/28/14 14:00,-75.5,18.1,-4318.4,18.2,0.0200,0.0313,0.365,0.130,19.8,0.115,1.0640,0.7730,1.376
9/28/14 15:00,-78.5,19.5,-4476.4,18.1,0.0187,0.0299,0.371,0.129,21.3,0.113,0.9970,0.7240,1.377
9/28/14 16:00,-82.2,19.7,-4531.3,18.1,0.0128,0.0190,0.342,0.127,21.0,0.111,0.7910,0.5730,1.380
9/28/14 17:00,-87.0,19.1,-4580.6,18.0,0.0094,0.0147,0.367,0.125,19.6,0.109,0.4350,0.3140,1.385
9/28/14 18:00,-92.2,18.6,-4699.2,18.0,0.0108,0.0158,0.319,0.123,19.0,0.106,0.4370,0.3300,1.324
9/28/14 19:00,-97.1,18.1,-4617.7,18.0,0.0014,0.0021,0.320,0.120,18.0,0.103,0.0510,0.0400,1.275
9/28/14 20:00,-102.2,17.2,-4652.9,18.0,0.0000,0.0000,,0.128,16.6,0.100,0.0010,0.0010,1.000
9/28/14 21:00,-107.5,16.1,-4522.0,18.0,0.0000,0.0000,,0.140,15.0,0.099,0.0000,0.0000,
9/28/14 22:00,-111.5,15.1,-4528.2,18.0,0.0000,0.0000,,0.138,14.0,0.099,0.0000,0.0000,
9/28/14 23:00,-113.5,14.3,-4481.5,18.1,0.0000,0.0000,,0.137,13.2,0.098,0.0000,0.0000,
9/29/14 0:00,-114.6,13.8,-4465.0,18.1,0.0000,0.0000,,0.137,12.7,0.097,0.0000,0.0000,
9/29/14 1:00,-114.7,13.3,-4392.6,18.1,0.0000,0.0000,,0.138,12.4,0.096,0.0000,0.0000,
9/29/14 2:00,-114.7,12.8,-4424.1,18.1,0.0000,0.0000,,0.138,11.7,0.096,0.0000,0.0000,
9/29/14 3:00,-115.0,12.1,-4446.6,18.1,0.0000,0.0000,,0.138,10.9,0.095,0.0000,0.0000,
9/29/14 4:00,-115.1,11.6,-4507.4,18.0,0.0000,0.0000,,0.138,10.3,0.095,0.0000,0.0000,
9/29/14 5:00,-115.3,11.1,-4558.5,18.0,0.0000,0.0000,,0.139,9.9,0.094,0.0000,0.0000,
9/29/14 6:00,-115.2,10.7,-4618.8,18.0,0.0000,0.0000,,0.139,9.5,0.094,0.0000,0.0000,
9/29/14 7:00,-115.3,10.4,-4719.8,17.9,0.0000,0.0000,,0.139,9.2,0.093,0.0000,0.0000,
9/29/14 8:00,-115.4,10.0,-4753.6,17.8,0.0002,0.0004,0.427,0.138,8.9,0.092,0.0110,0.0090,1.222
9/29/14 9:00,-115.4,9.9,-4865.5,17.8,0.0026,0.0052,0.424,0.137,8.9,0.092,0.1290,0.1040,1.240
9/29/14 10:00,-115.9,10.3,-4933.2,17.7,0.0129,0.0225,0.377,0.132,9.6,0.092,0.5100,0.4030,1.266
9/29/14 11:00,-115.6,11.8,-4997.2,17.6,0.0179,0.0293,0.372,0.129,12.1,0.092,0.7230,0.5440,1.329
9/29/14 12:00,-114.6,14.0,-5055.1,17.5,0.0138,0.0220,0.360,0.129,15.2,0.093,0.6790,0.5070,1.339
9/29/14 13:00,-113.3,15.2,-5113.6,17.4,0.0110,0.0180,0.372,0.128,16.4,0.094,0.5200,0.3890,1.337
9/29/14 14:00,-113.8,15.8,-5150.2,17.3,0.0113,0.0183,0.374,0.127,16.6,0.093,0.6250,0.4610,1.356
9/29/14 15:00,-114.5,17.0,-5201.5,17.3,0.0154,0.0246,0.373,0.128,18.9,0.093,0.9170,0.6710,1.367
9/29/14 16:00,-114.7,17.9,-5241.1,17.2,0.0085,0.0133,0.359,0.125,19.3,0.093,0.4880,0.3590,1.359
9/29/14 17:00,-116.0,17.5,-5256.9,17.1,0.0081,0.0127,0.367,0.124,18.0,0.092,0.3760,0.2760,1.362
9/29/14 18:00,-118.6,17.0,-5286.0,17.1,0.0099,0.0143,0.311,0.123,17.1,0.090,0.4590,0.3480,1.319
9/29/14 19:00,-122.1,16.4,-5284.8,17.1,0.0041,0.0052,0.230,0.121,16.2,0.089,0.1460,0.1170,1.248
9/29/14 20:00,-126.5,15.6,-5270.2,17.1,0.0001,0.0002,0.255,0.119,14.9,0.087,0.0040,0.0030,1.333
9/29/14 21:00,-131.2,14.8,-5277.5,17.1,0.0000,0.0000,,0.119,13.9,0.086,0.0000,0.0000,
9/29/14 22:00,-136.3,14.1,-5252.0,17.1,0.0000,0.0000,,0.119,13.1,0.085,0.0000,0.0000,
9/29/14 23:00,-140.9,13.6,-5244.8,17.1,0.0000,0.0000,,0.119,12.8,0.083,0.0000,0.0000,
9/30/14 0:00,-145.1,13.3,-5244.8,17.2,0.0000,0.0000,,0.118,12.6,0.082,0.0000,0.0000,
9/30/14 1:00,-149.2,13.0,-5242.4,17.2,0.0000,0.0000,,0.118,12.2,0.082,0.0000,0.0000,
9/30/14 2:00,-153.4,12.5,-5254.4,17.2,0.0000,0.0000,,0.117,11.7,0.082,0.0000,0.0000,
9/30/14 3:00,-157.6,12.0,-5254.4,17.1,0.0000,0.0000,,0.116,11.0,0.081,0.0000,0.0000,
9/30/14 4:00,-162.1,11.6,-5244.8,17.1,0.0000,0.0000,,0.116,10.6,0.080,0.0000,0.0000,
9/30/14 5:00,-165.3,11.4,-5244.8,17.1,0.0000,0.0000,,0.116,10.6,0.079,0.0000,0.0000,
9/30/14 6:00,-169.0,11.3,-5278.7,17.1,0.0000,0.0000,,0.116,10.6,0.079,0.0000,0.0000,
9/30/14 7:00,-171.8,11.2,-5303.1,17.0,0.0000,0.0000,,0.116,10.4,0.079,0.0000,0.0000,
9/30/14 8:00,-175.4,11.0,-5342.3,17.0,0.0003,0.0005,0.321,0.116,10.2,0.078,0.0180,0.0150,1.200
9/30/14 9:00,-177.9,10.8,-5369.4,16.9,0.0052,0.0083,0.330,0.116,9.9,0.078,0.1740,0.1410,1.234
9/30/14 10:00,-180.5,11.1,-5391.7,16.9,0.0135,0.0201,0.318,0.116,10.6,0.078,0.4090,0.3130,1.307
9/30/14 11:00,-178.7,12.2,-5439.1,16.8,0.0131,0.0192,0.322,0.116,12.3,0.077,0.4330,0.3250,1.332
9/30/14 12:00,-176.4,13.6,-5469.2,16.7,0.0230,0.0327,0.315,0.116,14.4,0.078,0.7830,0.5780,1.355
9/30/14 13:00,-172.2,15.6,-5518.6,16.7,0.0262,0.0372,0.321,0.117,17.0,0.079,0.9590,0.6990,1.372
9/30/14 14:00,-167.6,17.4,-5561.9,16.6,0.0216,0.0307,0.321,0.117,19.1,0.078,0.7920,0.5810,1.363
9/30/14 15:00,-165.3,18.4,-5591.5,16.6,0.0184,0.0262,0.323,0.116,19.9,0.078,0.6980,0.5120,1.363
9/30/14 16:00,-165.6,18.8,-5625.0,16.5,0.0101,0.0143,0.319,0.115,19.8,0.077,0.3970,0.2920,1.360
9/30/14 17:00,-169.3,18.4,-5657.5,16.5,0.0093,0.0133,0.319,0.114,18.8,0.077,0.3550,0.2620,1.355
9/30/14 18:00,-172.2,18.0,-5638.0,16.5,0.0086,0.0119,0.286,0.113,18.1,0.076,0.2920,0.2260,1.292
9/30/14 19:00,-176.2,17.6,-5626.3,16.5,0.0024,0.0033,0.266,0.111,17.6,0.075,0.0900,0.0700,1.286
9/30/14 20:00,-181.4,16.9,-5600.5,16.6,0.0001,0.0001,0.212,0.110,16.5,0.075,0.0030,0.0020,1.500
9/30/14 21:00,-188.1,16.1,-5592.8,16.6,0.0000,0.0000,,0.110,15.4,0.074,0.0000,0.0000,
9/30/14 22:00,-194.7,15.4,-5536.4,16.6,0.0000,0.0000,,0.110,14.6,0.073,0.0000,0.0000,
9/30/14 23:00,-201.2,14.8,-5489.4,16.7,0.0000,0.0000,,0.114,14.0,0.073,0.0000,0.0000,
10/1/14 0:00,-206.9,14.4,-5430.3,16.7,0.0000,0.0000,,0.120,13.6,0.073,0.0000,0.0000,
10/1/14 1:00,-213.4,13.8,-5432.8,16.8,0.0000,0.0000,,0.121,12.9,0.073,0.0000,0.0000,
10/1/14 2:00,-220.7,13.2,-5401.6,16.8,0.0000,0.0000,,0.120,12.2,0.073,0.0000,0.0000,
10/1/14 3:00,-226.8,12.6,-5378.1,16.8,0.0000,0.0000,,0.114,11.6,0.073,0.0000,0.0000,
10/1/14 4:00,-233.4,12.2,-5399.2,16.8,0.0000,0.0000,,0.112,11.2,0.071,0.0000,0.0000,
10/1/14 5:00,-240.0,11.8,-5376.8,16.8,0.0000,0.0000,,0.110,10.9,0.071,0.0000,0.0000,
10/1/14 6:00,-244.9,11.5,-5417.8,16.8,0.0000,0.0000,,0.109,10.5,0.071,0.0000,0.0000,
10/1/14 7:00,-252.5,11.0,-5416.6,16.8,0.0000,0.0000,,0.107,9.8,0.071,0.0000,0.0000,
10/1/14 8:00,-260.2,10.3,-5445.4,16.7,0.0008,0.0012,0.154,0.107,8.9,0.070,0.0290,0.0330,0.879
10/1/14 9:00,-267.1,9.7,-5459.2,16.7,0.0095,0.0139,0.259,0.107,8.4,0.069,0.2750,0.2370,1.160
10/1/14 10:00,-270.2,9.9,-5500.8,16.6,0.0192,0.0261,0.271,0.107,8.9,0.069,0.5180,0.4040,1.282
10/1/14 11:00,-263.5,11.2,-5541.5,16.6,0.0221,0.0291,0.270,0.107,11.0,0.069,0.5930,0.4480,1.324
10/1/14 12:00,-254.3,12.5,-5621.2,16.5,0.0090,0.0118,0.271,0.107,12.7,0.071,0.3080,0.2310,1.333
10/1/14 13:00,-253.4,12.8,-5639.3,16.5,0.0119,0.0156,0.267,0.107,12.8,0.070,0.4010,0.3040,1.319
10/1/14 14:00,-253.3,13.0,-5705.9,16.4,0.0169,0.0221,0.275,0.107,13.2,0.070,0.5510,0.4100,1.344
10/1/14 15:00,-252.7,13.5,-5774.7,16.3,0.0136,0.0176,0.279,0.107,13.9,0.070,0.5200,0.3790,1.372
10/1/14 16:00,-252.6,13.9,-5853.6,16.3,0.0093,0.0117,0.268,0.107,14.2,0.069,0.3570,0.2600,1.373
10/1/14 17:00,-256.8,13.6,-5943.3,16.2,0.0153,0.0202,0.282,0.107,13.7,0.069,0.5590,0.4140,1.350
10/1/14 18:00,-260.8,13.7,-5959.7,16.2,0.0105,0.0128,0.242,0.106,13.9,0.068,0.3730,0.2750,1.356
10/1/14 19:00,-264.9,13.4,-6080.3,16.1,0.0024,0.0028,0.252,0.105,13.0,0.068,0.0460,0.0320,1.438
10/1/14 20:00,-273.6,12.7,-6133.8,16.1,0.0001,0.0001,0.137,0.104,11.9,0.069,0.0030,0.0030,1.000
10/1/14 21:00,-284.7,11.8,-6216.2,16.1,0.0000,0.0000,,0.103,10.7,0.068,0.0000,0.0000,
10/1/14 22:00,-295.4,11.0,-6227.7,16.1,0.0000,0.0000,,0.103,9.7,0.067,0.0000,0.0000,
10/1/14 23:00,-306.6,10.3,-6211.9,16.1,0.0000,0.0000,,0.103,8.8,0.067,0.0000,0.0000,
10/2/14 0:00,-318.6,9.6,-6221.9,16.1,0.0000,0.0000,,0.102,8.1,0.067,0.0000,0.0000,
10/2/14 1:00,-327.3,9.0,-6217.6,16.0,0.0000,0.0000,,0.102,7.5,0.067,0.0000,0.0000,
10/2/14 2:00,-339.2,8.5,-6337.6,16.0,0.0000,0.0000,,0.102,6.9,0.067,0.0000,0.0000,
10/2/14 3:00,-348.9,8.0,-6383.0,16.0,0.0000,0.0000,,0.102,6.5,0.066,0.0000,0.0000,
10/2/14 4:00,-359.4,7.5,-6465.9,15.9,0.0000,0.0000,,0.102,6.0,0.066,0.0000,0.0000,
10/2/14 5:00,-367.2,7.1,-6659.3,15.9,0.0000,0.0000,,0.100,5.5,0.066,0.0000,0.0000,
10/2/14 6:00,-379.3,6.6,-6778.4,15.8,0.0000,0.0000,,0.100,5.1,0.065,0.0000,0.0000,
10/2/14 7:00,-386.5,6.2,-7011.7,15.7,0.0000,0.0000,,0.100,4.6,0.065,0.0000,0.0000,
10/2/14 8:00,-397.9,5.8,-7176.7,15.6,0.0011,0.0019,0.174,0.100,4.3,0.065,0.0370,0.0440,0.841
10/2/14 9:00,-405.0,5.6,-7451.2,15.6,0.0105,0.0153,0.257,0.100,4.3,0.064,0.2730,0.2360,1.157
10/2/14 10:00,-402.1,6.2,-7628.3,15.5,0.0214,0.0285,0.266,0.101,5.4,0.064,0.4950,0.3820,1.296
10/2/14 11:00,-378.5,8.0,-7752.2,15.4,0.0290,0.0374,0.265,0.102,8.2,0.064,0.7110,0.5350,1.329
10/2/14 12:00,-345.0,10.7,-7889.1,15.3,0.0287,0.0360,0.257,0.104,12.1,0.066,0.8720,0.6420,1.358
10/2/14 13:00,-316.6,13.0,-8033.9,15.2,0.0289,0.0363,0.266,0.106,14.9,0.066,0.9700,0.7060,1.374
10/2/14 14:00,-294.1,15.1,-8132.5,15.1,0.0271,0.0343,0.275,0.107,17.5,0.066,0.9920,0.7170,1.384
10/2/14 15:00,-275.7,16.9,-8234.3,15.0,0.0223,0.0285,0.279,0.107,19.9,0.067,0.9360,0.6750,1.387
10/2/14 16:00,-264.2,18.2,-8312.4,14.9,0.0162,0.0200,0.263,0.107,20.9,0.067,0.8120,0.5880,1.381
10/2/14 17:00,-267.1,18.0,-8387.4,14.9,0.0167,0.0215,0.277,0.105,19.6,0.067,0.6310,0.4610,1.369
10/2/14 18:00,-275.2,17.7,-8406.7,14.9,0.0121,0.0143,0.234,0.104,18.8,0.066,0.4200,0.3080,1.364
10/2/14 19:00,-286.4,17.0,-8389.3,14.9,0.0056,0.0060,0.151,0.102,17.4,0.065,0.1180,0.0940,1.255
10/2/14 20:00,-300.6,16.1,-8293.3,14.9,0.0001,0.0001,0.201,0.100,15.7,0.064,0.0030,0.0020,1.500
10/2/14 21:00,-317.6,14.9,-8238.1,15.0,0.0000,0.0000,,0.099,14.1,0.064,0.0000,0.0000,
10/2/14 22:00,-334.8,13.8,-8217.2,15.1,0.0000,0.0000,,0.099,12.8,0.064,0.0000,0.0000,
10/2/14 23:00,-351.0,12.8,-8112.0,15.1,0.0000,0.0000,,0.098,11.7,0.063,0.0000,0.0000,
10/3/14 0:00,-364.5,12.0,-7995.1,15.2,0.0000,0.0000,,0.098,10.8,0.062,0.0000,0.0000,
10/3/14 1:00,-380.7,11.4,-7900.0,15.3,0.0000,0.0000,,0.098,10.0,0.062,0.0000,0.0000,
10/3/14 2:00,-393.1,10.8,-7818.5,15.3,0.0000,0.0000,,0.098,9.4,0.062,0.0000,0.0000,
10/3/14 3:00,-407.0,10.2,-7734.4,15.4,0.0000,0.0000,,0.097,8.8,0.062,0.0000,0.0000,
10/3/14 4:00,-419.0,9.6,-7777.3,15.4,0.0000,0.0000,,0.097,8.3,0.062,0.0000,0.0000,
10/3/14 5:00,-433.4,9.1,-7688.2,15.4,0.0000,0.0000,,0.097,7.7,0.062,0.0000,0.0000,
10/3/14 6:00,-443.2,8.6,-7725.5,15.4,0.0000,0.0000,,0.096,7.2,0.062,0.0000,0.0000,
10/3/14 7:00,-459.9,8.2,-7752.2,15.4,0.0000,0.0000,,0.096,6.8,0.062,0.0000,0.0000,
10/3/14 8:00,-468.3,7.8,-7775.5,15.3,0.0011,0.0017,0.144,0.096,6.4,0.061,0.0360,0.0400,0.900
10/3/14 9:00,-474.8,7.6,-7824.0,15.3,0.0105,0.0145,0.251,0.097,6.4,0.061,0.2720,0.2270,1.198
10/3/14 10:00,-471.1,8.2,-7885.4,15.2,0.0223,0.0289,0.254,0.098,7.4,0.061,0.5060,0.3900,1.297
10/3/14 11:00,-444.1,10.1,-7947.4,15.2,0.0290,0.0369,0.258,0.098,10.4,0.061,0.7070,0.5310,1.331
10/3/14 12:00,-398.1,12.8,-8097.0,15.1,0.0290,0.0360,0.253,0.100,14.3,0.062,0.8690,0.6390,1.360
10/3/14 13:00,-362.7,15.0,-8093.3,15.0,0.0290,0.0362,0.268,0.102,17.0,0.062,0.9750,0.7060,1.381
10/3/14 14:00,-331.7,17.0,-8145.7,15.0,0.0271,0.0341,0.272,0.102,19.5,0.063,1.0060,0.7210,1.395
10/3/14 15:00,-311.8,18.6,-8285.6,14.9,0.0221,0.0280,0.283,0.103,21.6,0.064,0.9540,0.6810,1.401
10/3/14 16:00,-297.1,20.0,-8268.5,14.9,0.0162,0.0200,0.261,0.102,22.7,0.064,0.8260,0.5910,1.398
10/3/14 17:00,-302.9,19.8,-8335.4,14.9,0.0167,0.0214,0.281,0.100,21.5,0.064,0.6380,0.4610,1.384
10/3/14 18:00,-309.7,19.5,-8283.7,14.9,0.0119,0.0140,0.232,0.099,20.8,0.064,0.4180,0.3040,1.375
10/3/14 19:00,-323.3,18.8,-8268.5,14.9,0.0051,0.0055,0.159,0.097,19.4,0.064,0.1130,0.0880,1.284
10/3/14 20:00,-341.4,17.8,-8236.2,15.0,0.0001,0.0001,0.257,0.095,17.8,0.063,0.0030,0.0020,1.500
10/3/14 21:00,-363.1,16.7,-8123.2,15.1,0.0000,0.0000,,0.094,16.2,0.062,0.0000,0.0000,
10/3/14 22:00,-384.3,15.7,-7991.5,15.1,0.0000,0.0000,,0.094,14.9,0.062,0.0000,0.0000,
10/3/14 23:00,-405.1,14.8,-7865.5,15.2,0.0000,0.0000,,0.093,13.7,0.061,0.0000,0.0000,
10/4/14 0:00,-421.9,13.9,-7789.8,15.3,0.0000,0.0000,,0.093,12.8,0.060,0.0000,0.0000,
10/4/14 1:00,-439.6,13.1,-7579.2,15.4,0.0000,0.0000,,0.093,12.0,0.060,0.0000,0.0000,
10/4/14 2:00,-460.9,12.4,-7471.8,15.5,0.0000,0.0000,,0.093,11.2,0.060,0.0000,0.0000,
10/4/14 3:00,-473.7,11.8,-7316.9,15.5,0.0000,0.0000,,0.092,10.5,0.059,0.0000,0.0000,
10/4/14 4:00,-494.3,11.2,-7224.8,15.6,0.0000,0.0000,,0.092,9.9,0.059,0.0000,0.0000,
10/4/14 5:00,-507.6,10.7,-7102.7,15.6,0.0000,0.0000,,0.092,9.3,0.059,0.0000,0.0000,
10/4/14 6:00,-531.0,10.2,-7055.5,15.6,0.0000,0.0000,,0.092,8.8,0.059,0.0000,0.0000,
10/4/14 7:00,-541.9,9.6,-7094.6,15.6,0.0000,0.0000,,0.091,8.3,0.059,0.0000,0.0000,
10/4/14 8:00,-556.7,9.2,-7117.5,15.6,0.0011,0.0017,0.147,0.091,7.8,0.059,0.0350,0.0400,0.875
10/4/14 9:00,-575.3,8.9,-7283.3,15.5,0.0105,0.0148,0.254,0.092,7.7,0.059,0.2700,0.2270,1.189
10/4/14 10:00,-568.2,9.4,-7316.9,15.5,0.0225,0.0294,0.259,0.092,8.7,0.058,0.5020,0.3880,1.294
10/4/14 11:00,-529.6,11.2,-7411.8,15.4,0.0293,0.0374,0.260,0.093,11.5,0.059,0.7040,0.5290,1.331
10/4/14 12:00,-474.5,13.8,-7560.1,15.4,0.0293,0.0367,0.257,0.095,15.2,0.060,0.8640,0.6350,1.361
10/4/14 13:00,-430.9,15.8,-7660.0,15.3,0.0293,0.0369,0.272,0.096,17.8,0.060,0.9740,0.7040,1.384
10/4/14 14:00,-393.8,17.8,-7745.1,15.3,0.0274,0.0348,0.283,0.097,20.4,0.061,1.0100,0.7200,1.403
10/4/14 15:00,-368.8,19.3,-7779.0,15.2,0.0223,0.0285,0.279,0.098,22.2,0.062,0.9530,0.6820,1.397
10/4/14 16:00,-349.3,20.6,-7824.0,15.2,0.0165,0.0204,0.266,0.097,23.4,0.062,0.8230,0.5920,1.390
10/4/14 17:00,-355.8,20.5,-7934.6,15.2,0.0169,0.0218,0.277,0.095,22.3,0.062,0.6350,0.4620,1.374
10/4/14 18:00,-365.0,20.1,-7865.5,15.2,0.0118,0.0139,0.237,0.093,21.4,0.062,0.4110,0.3020,1.361
10/4/14 19:00,-382.8,19.4,-7775.5,15.2,0.0052,0.0055,0.171,0.092,20.0,0.062,0.1120,0.0840,1.333
10/4/14 20:00,-405.5,18.4,-7714.8,15.3,0.0000,0.0000,,0.090,18.4,0.061,0.0020,0.0020,1.000
10/4/14 21:00,-431.5,17.3,-7626.5,15.4,0.0000,0.0000,,0.089,16.8,0.060,0.0000,0.0000,
10/4/14 22:00,-459.3,16.3,-7313.5,15.5,0.0000,0.0000,,0.089,15.4,0.060,0.0000,0.0000,
10/4/14 23:00,-482.5,15.3,-7138.8,15.5,0.0000,0.0000,,0.089,14.3,0.059,0.0000,0.0000,
10/5/14 0:00,-505.9,14.4,-6979.5,15.6,0.0000,0.0000,,0.089,13.3,0.059,0.0000,0.0000,
10/5/14 1:00,-533.6,13.6,-6775.3,15.7,0.0000,0.0000,,0.088,12.5,0.059,0.0000,0.0000,
10/5/14 2:00,-548.3,13.0,-6530.2,15.8,0.0000,0.0000,,0.088,11.8,0.058,0.0000,0.0000,
10/5/14 3:00,-573.9,12.4,-6425.8,15.8,0.0000,0.0000,,0.088,11.3,0.058,0.0000,0.0000,
10/5/14 4:00,-587.8,12.0,-6281.0,15.9,0.0000,0.0000,,0.088,10.8,0.057,0.0000,0.0000,
10/5/14 5:00,-606.6,11.5,-6269.4,15.9,0.0000,0.0000,,0.088,10.4,0.057,0.0000,0.0000,
10/5/14 6:00,-630.3,11.1,-6207.6,15.9,0.0000,0.0000,,0.087,9.8,0.057,0.0000,0.0000,
10/5/14 7:00,-642.9,10.6,-6177.7,15.9,0.0000,0.0000,,0.087,9.3,0.057,0.0000,0.0000,
10/5/14 8:00,-662.9,10.1,-6314.3,15.8,0.0009,0.0013,0.136,0.087,8.8,0.057,0.0310,0.0340,0.912
10/5/14 9:00,-683.6,9.8,-6324.5,15.8,0.0103,0.0141,0.246,0.087,8.8,0.057,0.2620,0.2160,1.213
10/5/14 10:00,-673.5,10.3,-6408.1,15.8,0.0225,0.0291,0.254,0.088,9.7,0.057,0.4940,0.3790,1.303
10/5/14 11:00,-628.5,12.0,-6628.7,15.7,0.0291,0.0370,0.258,0.089,12.3,0.057,0.6950,0.5190,1.339
10/5/14 12:00,-562.0,14.5,-6602.8,15.7,0.0294,0.0369,0.264,0.090,15.9,0.058,0.8630,0.6300,1.370
10/5/14 13:00,-508.7,16.4,-6776.8,15.6,0.0293,0.0367,0.270,0.091,18.3,0.059,0.9800,0.7060,1.388
10/5/14 14:00,-463.5,18.3,-7034.4,15.5,0.0273,0.0346,0.277,0.092,20.9,0.060,1.0050,0.7220,1.392
10/5/14 15:00,-433.5,19.7,-7153.6,15.5,0.0219,0.0278,0.277,0.092,22.5,0.060,0.9450,0.6790,1.392
10/5/14 16:00,-410.8,20.9,-7208.2,15.4,0.0165,0.0204,0.263,0.092,23.8,0.060,0.8130,0.5860,1.387
10/5/14 17:00,-414.3,20.9,-7276.6,15.4,0.0166,0.0214,0.277,0.090,22.7,0.060,0.6230,0.4550,1.369
10/5/14 18:00,-430.1,20.6,-7321.9,15.4,0.0117,0.0139,0.233,0.088,21.9,0.060,0.3990,0.2960,1.348
10/5/14 19:00,-447.3,20.0,-7122.4,15.5,0.0049,0.0052,0.176,0.086,20.6,0.060,0.1050,0.0790,1.329
10/5/14 20:00,-473.0,19.0,-7000.5,15.5,0.0001,0.0000,,0.085,19.0,0.059,0.0020,0.0010,2.000
10/5/14 21:00,-505.2,17.9,-6755.0,15.6,0.0000,0.0000,,0.085,17.5,0.059,0.0000,0.0000,
10/5/14 22:00,-538.4,16.9,-6510.7,15.7,0.0000,0.0000,,0.084,16.2,0.058,0.0000,0.0000,
10/5/14 23:00,-566.9,16.0,-6334.7,15.8,0.0000,0.0000,,0.084,15.1,0.058,0.0000,0.0000,
10/6/14 0:00,-590.0,15.2,-6107.0,15.9,0.0000,0.0000,,0.083,14.3,0.057,0.0000,0.0000,
10/6/14 1:00,-622.2,14.5,-5969.3,16.0,0.0000,0.0000,,0.083,13.4,0.057,0.0000,0.0000,
10/6/14 2:00,-641.8,13.8,-5872.5,16.0,0.0000,0.0000,,0.083,12.7,0.056,0.0000,0.0000,
10/6/14 3:00,-670.1,13.1,-5765.4,16.1,0.0000,0.0000,,0.083,12.0,0.056,0.0000,0.0000,
10/6/14 4:00,-695.7,12.6,-5712.5,16.1,0.0000,0.0000,,0.083,11.4,0.056,0.0000,0.0000,
10/6/14 5:00,-712.9,12.1,-5711.2,16.1,0.0000,0.0000,,0.083,10.9,0.056,0.0000,0.0000,
10/6/14 6:00,-748.4,11.6,-5737.5,16.1,0.0000,0.0000,,0.082,10.3,0.056,0.0000,0.0000,
10/6/14 7:00,-767.1,11.1,-5745.5,16.1,0.0000,0.0000,,0.082,9.9,0.055,0.0000,0.0000,
10/6/14 8:00,-778.8,10.8,-5738.9,16.1,0.0007,0.0010,0.123,0.082,9.6,0.055,0.0300,0.0340,0.882
10/6/14 9:00,-792.4,10.6,-5741.5,16.1,0.0110,0.0152,0.243,0.082,9.6,0.055,0.2520,0.2110,1.194
10/6/14 10:00,-783.7,11.0,-5793.3,16.0,0.0226,0.0294,0.257,0.083,10.5,0.055,0.4940,0.3810,1.297
10/6/14 11:00,-734.4,12.8,-5887.4,16.0,0.0293,0.0372,0.258,0.084,13.1,0.055,0.6970,0.5210,1.338
10/6/14 12:00,-650.2,15.3,-5970.7,15.9,0.0297,0.0372,0.264,0.086,16.8,0.056,0.8730,0.6370,1.370
10/6/14 13:00,-584.2,17.2,-6074.7,15.8,0.0294,0.0367,0.268,0.086,19.1,0.057,0.9800,0.7080,1.384
10/6/14 14:00,-531.0,19.0,-6204.8,15.8,0.0273,0.0345,0.275,0.087,21.7,0.058,1.0010,0.7210,1.388
10/6/14 15:00,-494.9,20.4,-6286.7,15.7,0.0221,0.0280,0.277,0.087,23.1,0.059,0.9390,0.6760,1.389
10/6/14 16:00,-468.1,21.6,-6343.5,15.7,0.0166,0.0204,0.261,0.087,24.4,0.059,0.8060,0.5820,1.385
10/6/14 17:00,-471.2,21.5,-6327.4,15.7,0.0167,0.0212,0.270,0.085,23.4,0.059,0.6160,0.4500,1.369
10/6/14 18:00,-488.3,21.3,-6259.3,15.7,0.0114,0.0136,0.228,0.084,22.7,0.059,0.3900,0.2910,1.340
10/6/14 19:00,-508.4,20.7,-6193.4,15.8,0.0048,0.0051,0.175,0.082,21.4,0.059,0.1000,0.0740,1.351
10/6/14 20:00,-540.8,19.7,-6108.4,15.8,0.0000,0.0000,,0.080,19.8,0.058,0.0020,0.0010,2.000
10/6/14 21:00,-578.7,18.6,-5980.3,15.9,0.0000,0.0000,,0.080,18.2,0.057,0.0000,0.0000,
10/6/14 22:00,-618.2,17.6,-5836.1,16.0,0.0000,0.0000,,0.079,16.9,0.057,0.0000,0.0000,
10/6/14 23:00,-647.2,16.7,-5712.5,16.1,0.0000,0.0000,,0.079,15.9,0.057,0.0000,0.0000,
10/7/14 0:00,-685.4,15.9,-5617.3,16.2,0.0000,0.0000,,0.079,15.0,0.056,0.0000,0.0000,
10/7/14 1:00,-707.3,15.2,-5537.7,16.2,0.0000,0.0000,,0.079,14.3,0.055,0.0000,0.0000,
10/7/14 2:00,-743.6,14.6,-5531.3,16.3,0.0000,0.0000,,0.079,13.6,0.055,0.0000,0.0000,
10/7/14 3:00,-767.4,14.0,-5452.9,16.4,0.0000,0.0000,,0.078,13.0,0.054,0.0000,0.0000,
10/7/14 4:00,-784.9,13.5,-5452.9,16.4,0.0000,0.0000,,0.078,12.4,0.054,0.0000,0.0000,
10/7/14 5:00,-823.8,13.0,-5441.6,16.4,0.0000,0.0000,,0.078,11.9,0.054,0.0000,0.0000,
10/7/14 6:00,-846.1,12.5,-5441.6,16.4,0.0000,0.0000,,0.077,11.5,0.054,0.0000,0.0000,
10/7/14 7:00,-863.8,12.1,-5426.6,16.4,0.0000,0.0000,,0.077,11.1,0.054,0.0000,0.0000,
10/7/14 8:00,-895.8,11.7,-5447.9,16.4,0.0005,0.0007,0.157,0.077,10.5,0.054,0.0190,0.0190,1.000
10/7/14 9:00,-931.6,11.4,-5468.0,16.4,0.0100,0.0139,0.249,0.077,10.4,0.054,0.2400,0.1990,1.206
10/7/14 10:00,-914.8,11.8,-5466.7,16.3,0.0204,0.0266,0.257,0.078,11.3,0.053,0.4530,0.3490,1.298
10/7/14 11:00,-843.4,13.3,-5512.2,16.3,0.0270,0.0343,0.258,0.079,13.6,0.054,0.6230,0.4670,1.334
10/7/14 12:00,-759.5,15.5,-5535.1,16.2,0.0283,0.0357,0.266,0.080,16.9,0.055,0.8170,0.6000,1.362
10/7/14 13:00,-687.1,17.3,-5567.1,16.2,0.0291,0.0363,0.261,0.082,19.2,0.055,0.9590,0.6970,1.376
10/7/14 14:00,-617.5,19.3,-5609.5,16.1,0.0282,0.0357,0.275,0.082,22.0,0.057,1.0140,0.7330,1.383
10/7/14 15:00,-564.2,20.9,-5641.9,16.1,0.0229,0.0291,0.277,0.082,23.6,0.057,0.9420,0.6820,1.381
10/7/14 16:00,-534.8,22.0,-5690.2,16.0,0.0174,0.0216,0.259,0.082,24.7,0.057,0.7910,0.5750,1.376
10/7/14 17:00,-537.3,22.0,-5708.6,16.0,0.0169,0.0215,0.264,0.080,23.9,0.057,0.6100,0.4500,1.356
10/7/14 18:00,-546.3,21.8,-5682.3,16.0,0.0097,0.0089,0.096,0.079,23.2,0.057,0.3380,0.2550,1.325
10/7/14 19:00,-574.8,21.2,-5653.6,16.1,0.0040,0.0013,-0.398,0.077,22.0,0.057,0.0900,0.0690,1.304
10/7/14 20:00,-609.6,20.4,-5603.1,16.1,0.0000,0.0000,,0.076,20.5,0.056,0.0010,0.0010,1.000
10/7/14 21:00,-647.5,19.3,-5542.8,16.2,0.0000,0.0000,,0.075,19.1,0.056,0.0000,0.0000,
10/7/14 22:00,-691.1,18.4,-5475.5,16.3,0.0000,0.0000,,0.074,17.9,0.055,0.0000,0.0000,
10/7/14 23:00,-726.1,17.6,-5429.1,16.4,0.0000,0.0000,,0.074,16.9,0.055,0.0000,0.0000,
10/8/14 0:00,-765.5,16.8,-5353.4,16.5,0.0000,0.0000,,0.074,16.1,0.054,0.0000,0.0000,
10/8/14 1:00,-789.3,16.1,-5295.7,16.5,0.0000,0.0000,,0.074,15.3,0.054,0.0000,0.0000,
10/8/14 2:00,-832.4,15.5,-5250.8,16.6,0.0000,0.0000,,0.074,14.6,0.053,0.0000,0.0000,
10/8/14 3:00,-855.5,15.0,-5230.3,16.7,0.0000,0.0000,,0.073,14.0,0.053,0.0000,0.0000,
10/8/14 4:00,-881.5,14.5,-5215.9,16.7,0.0000,0.0000,,0.073,13.5,0.053,0.0000,0.0000,
10/8/14 5:00,-920.9,14.0,-5203.9,16.7,0.0000,0.0000,,0.073,13.1,0.053,0.0000,0.0000,
10/8/14 6:00,-944.8,13.6,-5205.1,16.7,0.0000,0.0000,,0.073,12.7,0.053,0.0000,0.0000,
10/8/14 7:00,-957.9,13.2,-5195.5,16.7,0.0000,0.0000,,0.073,12.2,0.053,0.0000,0.0000,
10/8/14 8:00,-978.2,12.8,-5212.3,16.7,0.0003,0.0001,-0.354,0.073,11.9,0.053,0.0090,0.0070,1.286
10/8/14 9:00,-1009.8,12.5,-5220.7,16.7,0.0065,0.0020,-0.454,0.073,11.6,0.052,0.1660,0.1350,1.230
10/8/14 10:00,-1007.7,12.7,-5250.8,16.6,0.0208,0.0224,0.165,0.073,12.1,0.052,0.4650,0.3590,1.295
10/8/14 11:00,-943.0,14.2,-5241.1,16.6,0.0276,0.0350,0.256,0.074,14.4,0.052,0.6240,0.4670,1.336
10/8/14 12:00,-845.3,16.2,-5281.1,16.6,0.0296,0.0367,0.259,0.076,17.5,0.053,0.8380,0.6150,1.363
10/8/14 13:00,-765.8,18.1,-5306.7,16.5,0.0276,0.0345,0.261,0.077,19.9,0.054,0.8990,0.6530,1.377
10/8/14 14:00,-701.7,19.6,-5337.4,16.5,0.0297,0.0376,0.268,0.077,22.1,0.055,1.0550,0.7650,1.379
10/8/14 15:00,-644.7,21.0,-5352.1,16.4,0.0234,0.0296,0.268,0.077,23.6,0.055,0.9290,0.6750,1.376
10/8/14 16:00,-614.8,21.9,-5366.9,16.4,0.0139,0.0171,0.257,0.077,24.5,0.055,0.5730,0.4180,1.371
10/8/14 17:00,-624.1,21.8,-5394.2,16.4,0.0086,0.0108,0.260,0.076,23.4,0.055,0.2880,0.2140,1.346
10/8/14 18:00,-644.7,21.3,-5362.0,16.4,0.0054,0.0069,0.256,0.074,22.3,0.055,0.1820,0.1370,1.328
10/8/14 19:00,-681.8,20.7,-5375.6,16.4,0.0011,0.0015,0.242,0.073,21.2,0.055,0.0430,0.0340,1.265
10/8/14 20:00,-717.5,19.8,-5312.8,16.5,0.0000,0.0000,,0.072,19.9,0.054,0.0010,0.0010,1.000
10/8/14 21:00,-766.2,18.9,-5281.1,16.5,0.0000,0.0000,,0.071,18.6,0.054,0.0000,0.0000,
10/8/14 22:00,-807.1,18.0,-5254.4,16.6,0.0000,0.0000,,0.071,17.5,0.054,0.0000,0.0000,
10/8/14 23:00,-850.6,17.3,-5195.5,16.7,0.0000,0.0000,,0.071,16.7,0.053,0.0000,0.0000,
10/9/14 0:00,-878.5,16.7,-5182.3,16.8,0.0000,0.0000,,0.070,16.1,0.053,0.0000,0.0000,
10/9/14 1:00,-926.9,16.2,-5138.4,16.8,0.0000,0.0000,,0.070,15.5,0.052,0.0000,0.0000,
10/9/14 2:00,-953.3,15.6,-5123.0,16.9,0.0000,0.0000,,0.070,14.8,0.051,0.0000,0.0000,
10/9/14 3:00,-974.6,15.1,-5094.8,16.9,0.0000,0.0000,,0.069,14.2,0.051,0.0000,0.0000,
10/9/14 4:00,-1016.5,14.6,-5093.6,16.9,0.0000,0.0000,,0.069,13.7,0.052,0.0000,0.0000,
10/9/14 5:00,-1061.5,14.1,-5072.5,16.9,0.0000,0.0000,,0.069,13.0,0.051,0.0000,0.0000,
10/9/14 6:00,-1086.5,13.4,-5080.7,16.9,0.0000,0.0000,,0.069,12.3,0.051,0.0000,0.0000,
10/9/14 7:00,-1127.8,12.9,-5080.7,16.9,0.0000,0.0000,,0.069,11.7,0.051,0.0000,0.0000,
10/9/14 8:00,-1191.6,12.3,-5103.0,16.9,0.0003,0.0004,0.256,0.069,11.1,0.050,0.0090,0.0070,1.286
10/9/14 9:00,-1216.8,11.9,-5099.5,16.9,0.0040,0.0052,0.261,0.069,10.7,0.050,0.1000,0.0770,1.299
10/9/14 10:00,-1217.4,11.9,-5123.0,16.8,0.0162,0.0207,0.254,0.069,11.1,0.050,0.3510,0.2680,1.310
10/9/14 11:00,-1132.7,13.3,-5150.2,16.8,0.0290,0.0365,0.253,0.069,13.5,0.050,0.6830,0.5130,1.331
10/9/14 12:00,-995.9,15.6,-5180.0,16.7,0.0300,0.0372,0.259,0.071,17.0,0.051,0.8440,0.6180,1.366
10/9/14 13:00,-893.8,17.5,-5193.1,16.6,0.0293,0.0363,0.266,0.073,19.4,0.053,0.9540,0.6920,1.379
10/9/14 14:00,-814.2,19.2,-5244.8,16.6,0.0269,0.0338,0.272,0.073,21.8,0.053,0.9760,0.7040,1.386
10/9/14 15:00,-755.0,20.5,-5255.6,16.5,0.0215,0.0271,0.272,0.073,23.2,0.053,0.9110,0.6570,1.387
10/9/14 16:00,-704.4,21.5,-5273.8,16.5,0.0169,0.0208,0.255,0.073,24.2,0.054,0.7820,0.5670,1.379
10/9/14 17:00,-701.0,21.5,-5305.5,16.5,0.0170,0.0213,0.257,0.071,23.4,0.054,0.5960,0.4380,1.361
10/9/14 18:00,-720.8,21.1,-5309.2,16.5,0.0103,0.0129,0.243,0.069,22.4,0.053,0.3650,0.2760,1.322
10/9/14 19:00,-763.4,20.5,-5294.5,16.5,0.0039,0.0043,0.190,0.068,21.1,0.053,0.0850,0.0650,1.308
10/9/14 20:00,-807.8,19.5,-5256.9,16.5,0.0000,0.0000,,0.067,19.5,0.053,0.0010,0.0010,1.000
10/9/14 21:00,-869.0,18.4,-5239.9,16.6,0.0000,0.0000,,0.066,17.9,0.052,0.0000,0.0000,
10/9/14 22:00,-942.4,17.3,-5175.2,16.6,0.0000,0.0000,,0.066,16.6,0.051,0.0000,0.0000,
10/9/14 23:00,-991.1,16.4,-5169.2,16.7,0.0000,0.0000,,0.066,15.5,0.050,0.0000,0.0000,
10/10/14 0:00,-1059.8,15.7,-5136.0,16.8,0.0000,0.0000,,0.065,14.6,0.050,0.0000,0.0000,
10/10/14 1:00,-1099.8,14.9,-5094.8,16.8,0.0000,0.0000,,0.065,13.7,0.050,0.0000,0.0000,
10/10/14 2:00,-1173.9,14.2,-5069.0,16.9,0.0000,0.0000,,0.065,13.0,0.050,0.0000,0.0000,
10/10/14 3:00,-1216.3,13.6,-5029.5,16.9,0.0000,0.0000,,0.065,12.4,0.049,0.0000,0.0000,
10/10/14 4:00,-1240.3,13.1,-5044.6,16.9,0.0000,0.0000,,0.065,11.9,0.049,0.0000,0.0000,
10/10/14 5:00,-1269.2,12.6,-5033.0,16.9,0.0000,0.0000,,0.065,11.4,0.049,0.0000,0.0000,
10/10/14 6:00,-1320.5,12.2,-5059.7,16.9,0.0000,0.0000,,0.064,10.9,0.049,0.0000,0.0000,
10/10/14 7:00,-1377.0,11.7,-5074.9,16.9,0.0000,0.0000,,0.064,10.5,0.049,0.0000,0.0000,
10/10/14 8:00,-1403.5,11.3,-5081.9,16.8,0.0007,0.0010,0.157,0.064,10.1,0.049,0.0210,0.0230,0.913
10/10/14 9:00,-1423.4,11.0,-5101.8,16.8,0.0090,0.0123,0.235,0.064,9.8,0.049,0.2370,0.2000,1.185
10/10/14 10:00,-1409.0,11.4,-5169.2,16.7,0.0210,0.0270,0.244,0.065,10.6,0.048,0.4580,0.3550,1.290
10/10/14 11:00,-1282.1,12.8,-5176.4,16.6,0.0269,0.0337,0.251,0.065,13.0,0.048,0.6350,0.4770,1.331
10/10/14 12:00,-1142.7,15.0,-5217.1,16.6,0.0300,0.0370,0.257,0.066,16.3,0.049,0.8310,0.6100,1.362
10/10/14 13:00,-1013.0,17.0,-5225.5,16.5,0.0291,0.0360,0.263,0.068,18.9,0.050,0.9430,0.6840,1.379
10/10/14 14:00,-932.2,18.5,-5290.9,16.4,0.0229,0.0286,0.268,0.068,21.1,0.051,0.8030,0.5770,1.392
10/10/14 15:00,-864.0,19.7,-5312.8,16.4,0.0204,0.0256,0.270,0.068,22.0,0.051,0.8560,0.6190,1.383
10/10/14 16:00,-832.6,20.5,-5346.0,16.3,0.0176,0.0216,0.255,0.068,22.9,0.051,0.7770,0.5640,1.378
10/10/14 17:00,-822.7,20.6,-5363.2,16.3,0.0122,0.0150,0.257,0.066,22.3,0.051,0.3710,0.2700,1.374
10/10/14 18:00,-843.6,20.2,-5352.1,16.3,0.0084,0.0102,0.235,0.065,21.2,0.051,0.3070,0.2290,1.341
10/10/14 19:00,-873.0,19.5,-5357.1,16.3,0.0032,0.0038,0.215,0.063,20.0,0.051,0.0810,0.0610,1.328
10/10/14 20:00,-938.3,18.6,-5347.2,16.3,0.0000,0.0000,,0.063,18.6,0.051,0.0010,0.0010,1.000
10/10/14 21:00,-994.5,17.7,-5317.7,16.4,0.0000,0.0000,,0.062,17.2,0.050,0.0000,0.0000,
10/10/14 22:00,-1071.3,16.7,-5278.7,16.4,0.0000,0.0000,,0.062,16.0,0.050,0.0000,0.0000,
10/10/14 23:00,-1137.4,15.9,-5225.5,16.5,0.0000,0.0000,,0.062,15.0,0.049,0.0000,0.0000,
10/11/14 0:00,-1213.2,15.2,-5212.3,16.5,0.0000,0.0000,,0.061,14.1,0.049,0.0000,0.0000,
10/11/14 1:00,-1247.7,14.5,-5189.5,16.6,0.0000,0.0000,,0.061,13.5,0.048,0.0000,0.0000,
10/11/14 2:00,-1308.7,13.9,-5169.2,16.6,0.0000,0.0000,,0.061,12.8,0.048,0.0000,0.0000,
10/11/14 3:00,-1384.9,13.3,-5156.2,16.6,0.0000,0.0000,,0.060,12.2,0.048,0.0000,0.0000,
10/11/14 4:00,-1419.8,12.8,-5156.2,16.7,0.0000,0.0000,,0.060,11.7,0.048,0.0000,0.0000,
10/11/14 5:00,-1445.9,12.4,-5131.3,16.7,0.0000,0.0000,,0.060,11.3,0.048,0.0000,0.0000,
10/11/14 6:00,-1487.1,12.0,-5160.9,16.6,0.0000,0.0000,,0.060,10.8,0.047,0.0000,0.0000,
10/11/14 7:00,-1565.0,11.5,-5146.7,16.6,0.0000,0.0000,,0.060,10.3,0.047,0.0000,0.0000,
10/11/14 8:00,-1626.0,11.1,-5172.8,16.6,0.0006,0.0010,0.164,0.060,9.8,0.047,0.0190,0.0210,0.905
10/11/14 9:00,-1649.0,10.8,-5205.1,16.5,0.0106,0.0147,0.240,0.060,9.6,0.047,0.2780,0.2370,1.173
10/11/14 10:00,-1607.8,11.2,-5217.1,16.5,0.0191,0.0245,0.244,0.060,10.7,0.047,0.4080,0.3160,1.291
10/11/14 11:00,-1429.6,12.7,-5232.7,16.4,0.0282,0.0355,0.253,0.062,13.0,0.047,0.6600,0.4980,1.325
10/11/14 12:00,-1252.9,14.9,-5290.9,16.3,0.0296,0.0369,0.255,0.063,16.2,0.048,0.8170,0.6040,1.353
10/11/14 13:00,-1118.2,16.8,-5330.0,16.3,0.0254,0.0319,0.260,0.063,18.7,0.048,0.7750,0.5730,1.353
10/11/14 14:00,-1046.5,18.0,-5364.5,16.2,0.0261,0.0329,0.266,0.064,20.2,0.049,0.9080,0.6620,1.372
10/11/14 15:00,-967.4,19.1,-5406.6,16.1,0.0188,0.0239,0.270,0.063,21.4,0.049,0.7230,0.5300,1.364
10/11/14 16:00,-951.5,19.5,-5452.9,16.1,0.0150,0.0189,0.260,0.062,21.4,0.049,0.5710,0.4220,1.353
10/11/14 17:00,-952.6,19.4,-5457.9,16.1,0.0140,0.0177,0.262,0.062,20.9,0.049,0.4830,0.3600,1.342
10/11/14 18:00,-961.7,19.2,-5473.0,16.1,0.0048,0.0060,0.253,0.060,20.2,0.049,0.1540,0.1140,1.351
10/11/14 19:00,-1008.6,18.5,-5446.6,16.1,0.0020,0.0027,0.267,0.060,19.0,0.049,0.0610,0.0480,1.271
10/11/14 20:00,-1076.8,17.7,-5434.1,16.1,0.0000,0.0000,,0.059,17.5,0.048,0.0010,0.0000,
10/11/14 21:00,-1166.3,16.7,-5395.4,16.2,0.0000,0.0000,,0.058,16.2,0.048,0.0000,0.0000,
10/11/14 22:00,-1229.5,15.9,-5378.1,16.2,0.0000,0.0000,,0.058,15.2,0.048,0.0000,0.0000,
10/11/14 23:00,-1297.6,15.2,-5346.0,16.3,0.0000,0.0000,,0.058,14.3,0.047,0.0000,0.0000,
10/12/14 0:00,-1393.2,14.5,-5292.1,16.3,0.0000,0.0000,,0.057,13.5,0.047,0.0000,0.0000,
10/12/14 1:00,-1427.3,14.0,-5298.2,16.3,0.0000,0.0000,,0.057,13.0,0.047,0.0000,0.0000,
10/12/14 2:00,-1475.8,13.4,-5254.4,16.4,0.0000,0.0000,,0.057,12.5,0.047,0.0000,0.0000,
10/12/14 3:00,-1559.6,13.0,-5286.0,16.4,0.0000,0.0000,,0.057,12.0,0.046,0.0000,0.0000,
10/12/14 4:00,-1615.6,12.7,-5255.6,16.4,0.0000,0.0000,,0.057,11.8,0.046,0.0000,0.0000,
10/12/14 5:00,-1626.0,12.6,-5278.7,16.4,0.0000,0.0000,,0.056,12.0,0.046,0.0000,0.0000,
10/12/14 6:00,-1631.6,12.5,-5282.3,16.3,0.0000,0.0000,,0.056,11.9,0.046,0.0000,0.0000,
10/12/14 7:00,-1648.3,12.3,-5286.0,16.3,0.0000,0.0000,,0.056,11.5,0.046,0.0000,0.0000,
10/12/14 8:00,-1674.3,11.9,-5319.0,16.3,0.0002,0.0003,0.305,0.056,11.0,0.046,0.0070,0.0050,1.400
10/12/14 9:00,-1703.4,11.5,-5336.1,16.2,0.0015,0.0016,0.243,0.056,10.5,0.045,0.0430,0.0290,1.483
10/12/14 10:00,-1725.9,11.3,-5330.0,16.2,0.0119,0.0152,0.254,0.055,10.4,0.045,0.2500,0.1910,1.309
10/12/14 11:00,-1692.1,11.7,-5369.4,16.2,0.0074,0.0095,0.252,0.056,11.2,0.045,0.2170,0.1670,1.299
10/12/14 12:00,-1657.8,12.2,-5406.6,16.1,0.0251,0.0319,0.258,0.057,12.2,0.045,0.6870,0.5180,1.326
10/12/14 13:00,-1513.3,13.4,-5437.8,16.1,0.0183,0.0230,0.260,0.057,14.2,0.046,0.5440,0.4050,1.343
10/12/14 14:00,-1425.4,14.4,-5495.7,16.0,0.0227,0.0287,0.262,0.058,15.6,0.046,0.7600,0.5620,1.352
10/12/14 15:00,-1366.6,15.3,-5544.0,15.9,0.0143,0.0179,0.257,0.058,16.5,0.046,0.5470,0.4050,1.351
10/12/14 16:00,-1345.6,15.5,-5573.5,15.9,0.0164,0.0205,0.257,0.058,16.6,0.047,0.6210,0.4600,1.350
10/12/14 17:00,-1324.1,15.7,-5597.9,15.8,0.0147,0.0185,0.251,0.058,16.6,0.046,0.4850,0.3630,1.336
10/12/14 18:00,-1351.5,15.6,-5596.6,15.8,0.0100,0.0124,0.240,0.057,16.2,0.046,0.3350,0.2560,1.309
10/12/14 19:00,-1396.5,15.1,-5638.0,15.8,0.0031,0.0039,0.268,0.057,15.2,0.046,0.0750,0.0540,1.389
10/12/14 20:00,-1452.2,14.4,-5644.5,15.8,0.0000,0.0000,,0.055,13.9,0.046,0.0010,0.0000,
10/12/14 21:00,-1587.9,13.5,-5657.5,15.8,0.0000,0.0000,,0.055,12.6,0.046,0.0000,0.0000,
10/12/14 22:00,-1672.0,12.6,-5656.2,15.8,0.0000,0.0000,,0.055,11.4,0.046,0.0000,0.0000,
10/12/14 23:00,-1765.3,11.8,-5612.1,15.8,0.0000,0.0000,,0.054,10.5,0.045,0.0000,0.0000,
10/13/14 0:00,-1924.5,11.1,-5643.2,15.8,0.0000,0.0000,,0.054,9.7,0.045,0.0000,0.0000,
10/13/14 1:00,-1989.9,10.5,-5641.9,15.8,0.0000,0.0000,,0.054,9.0,0.045,0.0000,0.0000,
10/13/14 2:00,-2043.3,10.0,-5657.5,15.8,0.0000,0.0000,,0.054,8.5,0.045,0.0000,0.0000,
10/13/14 3:00,-2120.0,9.5,-5668.0,15.7,0.0000,0.0000,,0.054,8.1,0.045,0.0000,0.0000,
10/13/14 4:00,-2227.5,9.1,-5668.0,15.7,0.0000,0.0000,,0.054,7.6,0.045,0.0000,0.0000,
10/13/14 5:00,-2349.2,8.6,-5750.8,15.7,0.0000,0.0000,,0.054,7.1,0.044,0.0000,0.0000,
10/13/14 6:00,-2412.8,8.2,-5789.3,15.6,0.0000,0.0000,,0.054,6.6,0.045,0.0000,0.0000,
10/13/14 7:00,-2452.0,7.8,-5888.8,15.6,0.0000,0.0000,,0.054,6.1,0.044,0.0000,0.0000,
10/13/14 8:00,-2493.0,7.3,-5987.2,15.5,0.0005,0.0008,0.189,0.054,5.7,0.044,0.0160,0.0170,0.941
10/13/14 9:00,-2535.9,7.0,-6142.2,15.4,0.0086,0.0120,0.236,0.054,5.5,0.044,0.2280,0.1950,1.169
10/13/14 10:00,-2474.7,7.4,-6327.4,15.3,0.0206,0.0267,0.248,0.054,6.4,0.044,0.4570,0.3570,1.280
10/13/14 11:00,-2170.3,8.9,-6461.4,15.3,0.0285,0.0358,0.247,0.055,8.9,0.044,0.6560,0.4970,1.320
10/13/14 12:00,-1827.4,11.2,-6806.5,15.2,0.0301,0.0374,0.253,0.056,12.4,0.044,0.7940,0.5890,1.348
10/13/14 13:00,-1583.2,13.3,-6957.1,15.1,0.0296,0.0367,0.259,0.058,15.3,0.045,0.9010,0.6600,1.365
10/13/14 14:00,-1426.4,14.8,-7147.0,15.0,0.0267,0.0333,0.261,0.058,17.2,0.046,0.9190,0.6700,1.372
10/13/14 15:00,-1285.7,16.3,-7333.8,14.9,0.0206,0.0257,0.261,0.059,19.2,0.046,0.8580,0.6230,1.377
10/13/14 16:00,-1237.2,16.9,-7544.4,14.8,0.0172,0.0210,0.253,0.058,19.3,0.047,0.7300,0.5320,1.372
10/13/14 17:00,-1235.2,17.0,-7631.8,14.8,0.0167,0.0206,0.251,0.057,18.8,0.047,0.5470,0.4050,1.351
10/13/14 18:00,-1242.6,16.8,-7736.2,14.8,0.0101,0.0121,0.222,0.057,18.2,0.047,0.3300,0.2500,1.320
10/13/14 19:00,-1286.0,16.4,-7682.9,14.8,0.0026,0.0032,0.261,0.055,17.0,0.046,0.0740,0.0520,1.423
10/13/14 20:00,-1395.2,15.5,-7619.5,14.8,0.0000,0.0000,,0.054,15.4,0.046,0.0000,0.0000,
10/13/14 21:00,-1491.9,14.5,-7530.5,14.8,0.0000,0.0000,,0.053,13.9,0.046,0.0000,0.0000,
10/13/14 22:00,-1641.4,13.6,-7417.0,14.9,0.0000,0.0000,,0.053,12.7,0.046,0.0000,0.0000,
10/13/14 23:00,-1711.7,12.8,-7367.6,14.9,0.0000,0.0000,,0.053,11.7,0.045,0.0000,0.0000,
10/14/14 0:00,-1863.1,12.1,-7233.1,15.0,0.0000,0.0000,,0.052,10.9,0.044,0.0000,0.0000,
10/14/14 1:00,-1975.3,11.4,-7066.9,15.0,0.0000,0.0000,,0.052,10.1,0.044,0.0000,0.0000,
10/14/14 2:00,-2048.5,10.8,-7049.0,15.0,0.0000,0.0000,,0.052,9.5,0.044,0.0000,0.0000,
10/14/14 3:00,-2160.9,10.3,-7015.0,15.1,0.0000,0.0000,,0.052,8.9,0.044,0.0000,0.0000,
10/14/14 4:00,-2327.2,9.7,-6877.4,15.1,0.0000,0.0000,,0.052,8.3,0.044,0.0000,0.0000,
10/14/14 5:00,-2406.2,9.2,-6995.6,15.1,0.0000,0.0000,,0.052,7.8,0.043,0.0000,0.0000,
10/14/14 6:00,-2453.2,8.8,-6986.0,15.0,0.0000,0.0000,,0.052,7.4,0.043,0.0000,0.0000,
10/14/14 7:00,-2499.3,8.4,-6973.1,15.0,0.0000,0.0000,,0.052,7.0,0.043,0.0000,0.0000,
10/14/14 8:00,-2546.4,8.1,-7068.5,15.0,0.0005,0.0006,0.119,0.052,6.6,0.043,0.0160,0.0170,0.941
10/14/14 9:00,-2574.7,7.9,-7243.1,14.9,0.0080,0.0111,0.234,0.052,6.6,0.043,0.2120,0.1830,1.158
10/14/14 10:00,-2495.3,8.3,-7447.8,14.9,0.0215,0.0275,0.242,0.052,7.5,0.043,0.4550,0.3560,1.278
10/14/14 11:00,-2189.9,9.8,-7530.5,14.8,0.0269,0.0335,0.243,0.052,9.9,0.043,0.6160,0.4660,1.322
10/14/14 12:00,-1841.3,11.9,-7563.6,14.7,0.0310,0.0385,0.253,0.053,13.3,0.043,0.8110,0.6020,1.347
10/14/14 13:00,-1600.8,13.9,-7686.5,14.7,0.0278,0.0343,0.257,0.055,16.1,0.044,0.8510,0.6230,1.366
10/14/14 14:00,-1433.3,15.4,-7843.8,14.6,0.0271,0.0337,0.259,0.056,17.9,0.044,0.9620,0.6990,1.376
10/14/14 15:00,-1291.9,16.9,-7925.5,14.6,0.0206,0.0256,0.266,0.056,19.9,0.045,0.8610,0.6250,1.378
10/14/14 16:00,-1235.5,17.6,-8006.2,14.5,0.0169,0.0205,0.248,0.055,20.0,0.045,0.7220,0.5270,1.370
10/14/14 17:00,-1228.6,17.7,-7984.1,14.5,0.0138,0.0169,0.248,0.055,19.5,0.046,0.4610,0.3430,1.344
10/14/14 18:00,-1230.3,17.7,-7985.9,14.5,0.0088,0.0106,0.227,0.053,19.1,0.045,0.2890,0.2190,1.320
10/14/14 19:00,-1252.4,17.3,-7973.1,14.5,0.0027,0.0032,0.230,0.053,18.2,0.045,0.0730,0.0540,1.352
10/14/14 20:00,-1338.8,16.6,-7982.3,14.5,0.0000,0.0000,,0.052,16.9,0.045,0.0000,0.0000,
10/14/14 21:00,-1422.7,15.9,-7870.9,14.6,0.0000,0.0000,,0.052,15.7,0.045,0.0000,0.0000,
10/14/14 22:00,-1494.9,15.2,-7775.5,14.6,0.0000,0.0000,,0.051,14.9,0.045,0.0000,0.0000,
10/14/14 23:00,-1600.0,14.8,-7675.8,14.7,0.0000,0.0000,,0.050,14.4,0.044,0.0000,0.0000,
10/15/14 0:00,-1643.3,14.4,-7521.9,14.8,0.0000,0.0000,,0.050,14.0,0.044,0.0000,0.0000,
10/15/14 1:00,-1670.0,14.2,-7396.5,14.8,0.0000,0.0000,,0.050,13.8,0.044,0.0000,0.0000,
10/15/14 2:00,-1685.9,14.0,-7243.1,14.9,0.0000,0.0000,,0.050,13.7,0.043,0.0000,0.0000,
10/15/14 3:00,-1698.3,13.9,-7191.6,14.9,0.0000,0.0000,,0.050,13.6,0.043,0.0000,0.0000,
10/15/14 4:00,-1709.3,13.8,-7034.4,15.0,0.0000,0.0000,,0.050,13.6,0.043,0.0000,0.0000,
10/15/14 5:00,-1721.2,13.7,-7027.9,15.0,0.0000,0.0000,,0.050,13.6,0.043,0.0000,0.0000,
10/15/14 6:00,-1732.7,13.6,-6915.5,15.0,0.0000,0.0000,,0.050,13.5,0.042,0.0000,0.0000,
10/15/14 7:00,-1756.8,13.5,-6776.8,15.0,0.0000,0.0000,,0.049,13.3,0.042,0.0000,0.0000,
10/15/14 8:00,-1792.0,13.4,-6812.8,15.1,0.0000,0.0001,,0.049,13.2,0.042,0.0030,0.0030,1.000
10/15/14 9:00,-1825.3,13.3,-6817.5,15.1,0.0015,0.0021,0.246,0.048,13.1,0.042,0.0420,0.0360,1.167
10/15/14 10:00,-1815.2,13.3,-6647.0,15.1,0.0052,0.0068,0.248,0.048,13.3,0.042,0.1510,0.1180,1.280
10/15/14 11:00,-1736.3,13.9,-6682.3,15.1,0.0163,0.0210,0.246,0.049,14.3,0.042,0.4310,0.3360,1.283
10/15/14 12:00,-1649.0,14.8,-6670.0,15.1,0.0146,0.0187,0.250,0.049,15.7,0.042,0.4250,0.3270,1.300
10/15/14 13:00,-1573.0,15.5,-6769.0,15.1,0.0274,0.0343,0.251,0.049,16.6,0.043,0.8220,0.6140,1.339
10/15/14 14:00,-1431.3,16.6,-6797.1,15.1,0.0330,0.0418,0.256,0.050,18.5,0.043,1.0790,0.8060,1.339
10/15/14 15:00,-1284.2,18.2,-6653.1,15.1,0.0238,0.0299,0.264,0.050,20.7,0.043,0.9280,0.6810,1.363
10/15/14 16:00,-1229.5,18.8,-6744.1,15.1,0.0178,0.0219,0.255,0.049,20.9,0.044,0.7230,0.5310,1.362
10/15/14 17:00,-1231.2,18.8,-6671.5,15.1,0.0153,0.0188,0.244,0.048,20.4,0.044,0.4940,0.3700,1.335
10/15/14 18:00,-1236.3,18.8,-6596.7,15.1,0.0059,0.0073,0.230,0.048,20.0,0.044,0.1890,0.1450,1.303
10/15/14 19:00,-1266.3,18.4,-6480.8,15.1,0.0010,0.0013,0.252,0.047,19.0,0.043,0.0280,0.0230,1.217
10/15/14 20:00,-1355.6,17.8,-6349.3,15.2,0.0000,0.0000,,0.047,18.0,0.043,0.0000,0.0000,
10/15/14 21:00,-1415.6,17.2,-6210.5,15.2,0.0000,0.0000,,0.046,17.2,0.043,0.0000,0.0000,
10/15/14 22:00,-1467.7,16.6,-6091.5,15.3,0.0000,0.0000,,0.045,16.4,0.043,0.0000,0.0000,
10/15/14 23:00,-1579.9,16.0,-5931.0,15.4,0.0000,0.0000,,0.045,15.7,0.043,0.0000,0.0000,
10/16/14 0:00,-1650.2,15.5,-5820.0,15.4,0.0000,0.0000,,0.045,15.1,0.042,0.0000,0.0000,
10/16/14 1:00,-1681.6,15.1,-5773.3,15.5,0.0000,0.0000,,0.044,14.6,0.042,0.0000,0.0000,
10/16/14 2:00,-1725.5,14.7,-5704.6,15.6,0.0000,0.0000,,0.044,14.1,0.042,0.0000,0.0000,
10/16/14 3:00,-1816.0,14.3,-5664.0,15.6,0.0000,0.0000,,0.043,13.6,0.041,0.0000,0.0000,
10/16/14 4:00,-1930.8,13.8,-5662.7,15.6,0.0000,0.0000,,0.043,13.0,0.041,0.0000,0.0000,
10/16/14 5:00,-1987.1,13.3,-5628.9,15.6,0.0000,0.0000,,0.043,12.4,0.041,0.0000,0.0000,
10/16/14 6:00,-2040.0,12.8,-5582.5,15.7,0.0000,0.0000,,0.043,11.9,0.042,0.0000,0.0000,
10/16/14 7:00,-2105.4,12.4,-5587.6,15.7,0.0000,0.0000,,0.043,11.5,0.041,0.0000,0.0000,
10/16/14 8:00,-2218.3,12.1,-5570.9,15.6,0.0002,0.0003,0.262,0.043,11.1,0.041,0.0050,0.0040,1.250
10/16/14 9:00,-2335.7,11.7,-5614.7,15.6,0.0045,0.0059,0.242,0.043,10.8,0.041,0.1070,0.0840,1.274
10/16/14 10:00,-2348.7,11.7,-5600.5,15.6,0.0211,0.0271,0.238,0.043,10.9,0.041,0.4370,0.3440,1.270
10/16/14 11:00,-2061.7,12.8,-5636.7,15.6,0.0270,0.0337,0.243,0.043,12.9,0.041,0.6100,0.4650,1.312
10/16/14 12:00,-1802.3,14.5,-5687.6,15.5,0.0282,0.0348,0.244,0.045,15.6,0.041,0.7130,0.5330,1.338
10/16/14 13:00,-1626.8,16.0,-5698.0,15.5,0.0255,0.0316,0.253,0.045,17.8,0.042,0.7330,0.5450,1.345
10/16/14 14:00,-1467.7,17.1,-5745.5,15.5,0.0172,0.0214,0.249,0.045,19.1,0.042,0.5120,0.3850,1.330
10/16/14 15:00,-1426.4,17.6,-5802.6,15.4,0.0186,0.0232,0.249,0.045,19.5,0.042,0.6210,0.4640,1.338
